aspect_ratio,extent,solidity
1.1418439716312057,0.6383027668874107,0.878913581911004
0.3042763157894737,0.7368065433854908,0.9660389674727093
0.6118210862619808,0.5444760967308703,0.8762505999187802
0.601113172541744,0.6676601617077808,0.9402000588645592
1.099273607748184,0.6966459024437073,0.918147152371413
1.099273607748184,0.6966459024437073,0.918147152371413
0.44365192582025675,0.5983803569544656,0.8790163636179869
0.5091863517060368,0.6610571069080282,0.9875698249922311
0.827768014059754,0.5711457878574174,0.7464528415062043
0.38190954773869346,0.6193611974345411,0.9193603297724533
0.8105381165919282,0.3785120852948291,0.5906691557306343
0.385502471169687,0.6147580225010209,0.8740990630255465
0.8100558659217877,0.6445338085147371,0.93161393616651
0.383808095952024,0.6483086581709145,0.9217779406131863
0.20096618357487922,0.6039994425863991,0.9220182022527681
1.0275862068965518,0.6714160816683381,0.8785594837129331
0.46747352496217853,0.5995525069890183,0.9071702138692782
0.5431266846361186,0.6711071946921003,0.949359693068979
0.9824945295404814,0.635803852957947,0.8777255999515599
0.4421965317919075,0.6160201556537837,0.9347974086654914
0.508955223880597,0.5707116908127982,0.8421826002990482
0.5451127819548872,0.6918330308529945,0.9409524481196114
0.4,0.3932116719834866,0.5726221870004236
0.4,0.3932116719834866,0.5726221870004236
0.5829596412556054,0.6513357096316738,0.9590428758870752
0.4550989345509893,0.6122412099183987,0.9671350742818084
1.1285347043701799,0.3374870440531472,0.43832209635282976
0.8978723404255319,0.5789374026643362,0.8550208079955653
0.6024340770791075,0.5408718694722752,0.7911390824404985
0.6231155778894473,0.5883156823544244,0.9291586365802144
0.5031152647975078,0.629948979099756,0.9329548092202761
0.5031152647975078,0.629948979099756,0.9329548092202761
0.4510108864696734,0.6667024186196171,0.9784507862550961
0.5120551090700345,0.5741197427831521,0.9213095115150264
0.4481236203090508,0.6351743711871595,0.9593180810353605
0.4481236203090508,0.6351743711871595,0.9593180810353605
0.08851351351351351,0.6704740045388901,0.9546020334352866
0.7205882352941176,0.5058643457382953,0.6879151421405877
0.6624203821656051,0.510363928357559,0.7889856139704915
0.42857142857142855,0.7178182701652089,0.9777741006718073
0.6490384615384616,0.6684868629313073,0.957449220166848
0.48720682302771856,0.6244920287589872,0.9643369830888856
0.39473684210526316,0.6784192624418188,0.9734586017120582
0.6691449814126395,0.673789239983478,0.9443961992430328
0.6125356125356125,0.6334956602398463,0.9563143089329249
0.7660818713450293,0.5947601545565923,0.8846826374696581
0.8551587301587301,0.601257227562332,0.9105692473942901
1.0542372881355933,0.6149411714837624,0.8335542694293118
0.4716981132075472,0.6997936320754717,0.9757792010260542
1.1464019851116625,0.7007642894739669,0.9272242081399729
0.4543478260869565,0.7009413355523195,0.9764680311537765
0.44554455445544555,0.6013500115443643,0.9085234606001038
1.1552723059096177,0.2313609426192831,0.374969508433567
0.29545454545454547,0.6118710391171329,0.9711939732263833
0.6869436201780416,0.6563439316546071,0.9590163550636083
0.3209054593874834,0.4492405699730926,0.618155762008302
0.2842535787321063,0.6876462020567595,0.9800283063374744
1.1336760925449871,0.7622457723449277,0.9748392507688006
0.39926062846580407,0.6334805230369002,0.8990993945356386
0.6837121212121212,0.6846538445395786,0.9637470044568512
0.5972222222222222,0.6576656371124031,0.9295685731813448
0.3283208020050125,0.6237468671679198,0.9678785202447704
0.5192604006163328,0.5956047422878384,0.8766959646808625
0.35046113306982873,0.6453361665032146,0.9375098939369955
0.34610917537746805,0.6595888969436194,0.9729002586950273
0.6299483648881239,0.614321454436011,0.9045259881665818
0.34196891191709844,0.6391971855864343,0.8949046008002886
1.177319587628866,0.517025655839818,0.7056888330314568
0.6157635467980296,0.6534975369458128,0.9233531933849324
0.3438566552901024,0.5070725954657475,0.8040950348918997
0.6728280961182994,0.6638931770632325,0.9737597711893758
0.6952879581151833,0.39106635967955594,0.6559086743256307
0.2970760233918129,0.600983100796611,0.9295942678266815
0.24771838331160365,0.5756536059836684,0.7958749976282186
0.6568807339449542,0.6698375275485623,0.9455566247277831
0.2990543735224586,0.7062063745690018,0.9388713419235822
0.11307901907356949,0.5336106004399067,0.9737093350206484
1.1885964912280702,0.4077632388165987,0.5492235462098319
1.1610644257703082,0.3875657621311492,0.5220551087565029
0.5648936170212766,0.5666145770725648,0.8934999944713069
0.3710691823899371,0.5801220552179939,0.8966101927618211
0.5240641711229946,0.7029448142893521,0.9664604919850287
0.46953405017921146,0.666789789050316,0.9625570235203508
0.4595419847328244,0.6618320610687023,0.9382981936374619
1.034833091436865,0.6318637698801238,0.856555290494646
0.44380639868744876,0.5193152473391874,0.8851835099508917
0.5310344827586206,0.6692789968652038,0.9379608999905859
1.1214470284237725,0.7788971052286882,0.971693418404106
0.4668587896253602,0.6220180915786103,0.9039320360113489
0.5207667731629393,0.6400213645896626,0.9514142319150951
0.49144811858608894,0.5619677396312571,0.8859085174488317
0.46153846153846156,0.6429885449855864,0.9512366202320329
0.531055900621118,0.5919531618902328,0.8738664164348671
1.1210653753026634,0.33820906918245575,0.4520352139010334
1.0844250363901018,0.6345486161992127,0.8571509633897384
0.8186046511627907,0.6662361257928119,0.9460335478544759
0.3327239488117002,0.6423360688671474,0.9132743141654929
0.9663461538461539,0.7230994965078454,0.8968346673638111
0.792332268370607,0.6424366175409667,0.9301004825962278
0.792332268370607,0.6424366175409667,0.9301004825962278
0.5341098169717138,0.677456057142561,0.9612967287571483
0.959792477302205,0.5658831983734708,0.8560618012459416
0.2946927374301676,0.6953255315205592,0.977226847760361
0.781651376146789,0.5614011284834388,0.8210942421569862
0.8419618528610354,0.54309740483056,0.8657357623294748
0.5950413223140496,0.7080272421181512,0.9774628048243683
0.8881789137380192,0.6340114809111177,0.9008194964638166
0.8881789137380192,0.6340114809111177,0.9008194964638166
0.6984924623115578,0.3527298362315173,0.5640507716570392
1.0839041095890412,0.328223398039343,0.4461025997374894
1.0108043217286915,0.20906890071943265,0.36827803059984127
0.3395225464190981,0.48766071691718244,0.8434641316771473
0.3997289972899729,0.599299526893574,0.9525768604574758
0.612280701754386,0.6562308349670738,0.9738201538937812
0.6923076923076923,0.6968643162393162,0.934503853978624
0.7203703703703703,0.6212534513948396,0.8263604817568166
1.1400491400491402,0.691384076082352,0.9295635768190232
1.0374064837905237,0.3468222472664493,0.4544654745118986
0.302158273381295,0.6204774275817442,0.9290154130022049
0.302158273381295,0.6204774275817442,0.9290154130022049
0.7356687898089171,0.5832781867813714,0.895065319722854
1.0266370699223086,0.6032600413954465,0.8564753259872459
0.7674113009198423,0.2925865839828632,0.4502502592620165
0.8250414593698175,0.35249006225155627,0.48360320704291776
0.3367243133265514,0.6304764070774158,0.9194341047574014
0.8193018480492813,0.6710847961793601,0.9201731668936513
0.23777019340159272,0.7093750510312393,0.9766113863055582
0.8162393162393162,0.6695725377008099,0.9253660384359684
0.49206349206349204,0.6687557603686636,0.9174648332543069
1.0125698324022345,0.22724523213253708,0.4256348639345327
0.379746835443038,0.6102557478687678,0.9048357751603945
0.23730684326710816,0.6677267826890497,0.9830510396118178
0.23730684326710816,0.6677267826890497,0.9830510396118178
0.5015151515151515,0.5967042021422686,0.8984771048795366
0.47580645161290325,0.7143794423182067,0.9762366398810525
0.5397260273972603,0.6349488908977122,0.9258269752351018
0.6510851419031719,0.6372907837849408,0.8970199254077569
0.44153577661431065,0.5678869275500279,0.8969586036705944
0.45194805194805193,0.6666256157635468,0.9319660456307488
0.6654740608228981,0.626966837863312,0.9149131763525297
0.2740447957839262,0.6490511300293909,0.9625698087861608
0.6189655172413793,0.6952646239554318,0.9402106849208308
0.29779837775202783,0.5881505561542173,0.9474683866094321
0.5014409221902018,0.5389007585544403,0.822039197357368
0.3697394789579158,0.5904261096719183,0.90537043398603
0.7366255144032922,0.3318428090826187,0.44046071090119704
1.1532467532467532,0.7639142389142389,0.9694215029416677
1.0643776824034334,0.5107834540895596,0.812323876363692
0.4045881126173097,0.7050165012953785,0.9822703002254124
0.8210059171597633,0.34678954102031023,0.5827628140095807
0.6348408710217756,0.5770762342937201,0.9032898537189425
0.5555555555555556,0.7306430391086476,0.9843220818404677
0.571912013536379,0.6531978694220006,0.9204622010278188
0.571912013536379,0.6531978694220006,0.9204622010278188
0.5642276422764227,0.6528338136407301,0.9375527852083648
0.6318051575931232,0.5987239212781579,0.9203395755305868
0.7496542185338866,0.33176519524531345,0.4617612689888367
0.5161662817551963,0.5731047630856984,0.9052607954951187
1.1159029649595686,0.35903746240087503,0.48604770047065876
1.1644736842105263,0.5179568506954769,0.7018773102612677
0.4035608308605341,0.6334411546517716,0.9064600229488491
0.33774834437086093,0.6785404492922997,0.9738127008028387
1.1494845360824741,0.333594018872092,0.5294075689335426
1.1021739130434782,0.53904039104708,0.7267288098851074
0.4231770833333333,0.5215444711538462,0.8031161604165574
1.1140939597315436,0.5081848647385965,0.6927306908017612
0.976,0.3605206557377049,0.505330012224377
0.31704260651629074,0.6466413068243732,0.9681241958747214
0.5491803278688525,0.6381135307071202,0.9222904753316288
0.30268199233716475,0.7021490426844712,0.9867921313213549
0.30268199233716475,0.7021490426844712,0.9867921313213549
1.02868068833652,0.4724512570457825,0.708160313659476
0.2791519434628975,0.6480943080218475,0.9578988735570548
0.644927536231884,0.6435688405797102,0.951359687065107
0.5704622322435174,0.6405991684899581,0.9482309407279396
0.41688311688311686,0.5925901201602136,0.9149116916782485
0.9797822706065319,0.6724382236046311,0.9262780622827957
0.6724436741767764,0.5821727206131966,0.8248757950697763
0.38287560581583197,0.6324819533342877,0.9189015211535414
0.38287560581583197,0.6324819533342877,0.9189015211535414
0.6006944444444444,0.6535956567116249,0.9639389633839505
0.7245949926362297,0.6856972233198032,0.9668296553601614
0.7698412698412699,0.6205825560464736,0.9269149924231315
0.2739463601532567,0.7434758727862176,0.9835273893703369
0.5626016260162602,0.6312256215047699,0.9734212166451669
0.7060561299852289,0.7043256305507315,0.9679370121542081
0.571078431372549,0.558849827484642,0.8475880319960434
0.8949771689497716,0.580019336501724,0.8961266259037798
1.1639928698752229,0.3543565553744817,0.5180243543775427
1.1639928698752229,0.3543565553744817,0.5180243543775427
0.38961038961038963,0.6282400726845171,0.9700045385154928
1.1305483028720626,0.531687359426914,0.7245561631791083
0.714622641509434,0.44549785167195965,0.743052625429241
0.5009765625,0.4864318728679337,0.7517788398595463
0.5658783783783784,0.6590560709963695,0.9632757743925358
0.0781448538754765,0.6683866902201423,0.9550840858683337
0.0781448538754765,0.6683866902201423,0.9550840858683337
0.6841294298921418,0.667031052624273,0.9530796369343214
0.12286158631415241,0.6398384747130736,0.9573629853274177
0.45194805194805193,0.6422917599641738,0.9688639069576305
0.5872756933115824,0.5904771615008156,0.915848734357374
0.38421052631578945,0.5879821557317952,0.8985672918338045
1.1534391534391535,0.33191956701131015,0.4289270746347067
0.6639004149377593,0.683039419087137,0.9203097633097327
0.39978448275862066,0.5905550004647272,0.9266651930277128
0.6962809917355371,0.6689800622900164,0.9386766685735669
0.5378927911275416,0.6342810501108422,0.9359976003786903
0.3122923588039867,0.7052776206969675,0.9557109417561168
0.5958549222797928,0.6526695201621987,0.9588650187177771
1.1214470284237725,0.7788941282939783,0.9770855817670542
1.1862745098039216,0.6614608653378707,0.9235468384323319
1.1341632088520055,0.6491962689336437,0.8129857620688672
0.41142303969022265,0.6874802118330391,0.9914184871244459
0.5834292289988493,0.6547245354450807,0.9714093763101931
0.4569640062597809,0.6994796021180355,0.9703860666555141
0.7176220806794055,0.3987298835412505,0.6876279613922199
0.5270655270655271,0.6548413798413798,0.9684423592645945
0.6934673366834171,0.5257628723326779,0.7528809552778405
0.7268244575936884,0.38036351325673945,0.5334338575983396
0.38571428571428573,0.47771347736625513,0.7771896370331405
0.7752475247524753,0.6574257425742575,0.9479228770682346
0.49492671927846676,0.6342037478845279,0.9283026598703896
0.852112676056338,0.5471168955884065,0.7459468842214894
0.6672862453531598,0.6759120232782098,0.9678607968446494
0.3588456712672522,0.5721674812013582,0.9069642105848769
0.2914714151827554,0.3917088811675612,0.8288336829755081
0.6344827586206897,0.6109749812593703,0.9229312931717812
0.3599574014909478,0.644184295265642,0.9238306534513883
0.47523219814241485,0.5929725396073053,0.9100649275272595
0.32364729458917835,0.6610760220130664,0.969341408885078
0.5384615384615384,0.6982905982905983,0.958847840119374
1.0680272108843538,0.628907472401558,0.8506782321032033
0.34328358208955223,0.5875243348475017,0.956701363791465
0.6426116838487973,0.6267935061143066,0.9355996879038354
1.0804123711340206,0.5138309593137641,0.6649709487363591
0.5871156661786238,0.6258913477652867,0.9459458713748472
0.8527131782945736,0.5739891649048626,0.8888028781394397
1.0565749235474007,0.5389443566696318,0.7484880054579315
0.808695652173913,0.6345202846605371,0.9356432420425342
0.4993103448275862,0.49564488473995044,0.7604599636378517
0.40413793103448276,0.6136495233611863,0.9625053070717885
1.0570719602977667,0.7616759281911486,0.9775722733491324
0.5989010989010989,0.6933214593765052,0.9372158434882022
0.5989010989010989,0.6933214593765052,0.9372158434882022
0.6556701030927835,0.5038546326914348,0.7827464292189609
0.4828767123287671,0.5853128339648305,0.9022445197401674
0.5318818040435459,0.5935808936545615,0.941290152768914
0.5334538878842676,0.6382873080577436,0.9245214333913414
0.6171735241502684,0.6767934458531021,0.9325036346944535
0.42141863699582754,0.6182358152366002,0.9029124586460369
0.5113636363636364,0.6720598845598845,0.9784658210562253
0.408,0.6576896635197289,0.9843998417375249
1.038910505836576,0.39404720266981447,0.5380211066700161
0.4666666666666667,0.6998920203001836,0.9512746378619545
0.25981524249422633,0.6672337695663331,0.9803013052034715
0.503725782414307,0.6399769839240205,0.9720562825647276
0.503725782414307,0.6399769839240205,0.9720562825647276
0.6411960132890365,0.6801464892499957,0.9759783125536474
0.6411960132890365,0.6801464892499957,0.9759783125536474
0.5296875,0.6005761430678466,0.8847522305362793
0.8093645484949833,0.6626046878023163,0.9234017454107734
1.1246684350132625,0.26551630298783846,0.4621608194099432
0.3584699453551913,0.6652405704384913,0.9796106620217607
1.09247311827957,0.69000296333926,0.947696932344117
0.4612005856515373,0.6238164958516349,0.9599527930763179
0.4192982456140351,0.668313697423475,0.9849476528291272
0.4200477326968974,0.6294139184204817,0.9559562548914611
1.1415313225058004,0.543189877954464,0.7259077431125592
0.4479315263908702,0.6284493489737136,0.9619511550604303
0.2581818181818182,0.7303649167733675,0.9683232186054407
0.4723618090452261,0.6567263029093457,0.9646635401897699
0.8884120171673819,0.5645009318580259,0.8398744839428905
0.6892655367231638,0.671217827997489,0.9740559873957423
0.3403141361256545,0.5759414015304067,0.9784268029334416
0.5796178343949044,0.5709539266466018,0.8886706249233995
0.6294964028776978,0.6707913669064748,0.9575739347635518
0.4226666666666667,0.5484269190325972,0.8916672365451686
0.4226666666666667,0.5484269190325972,0.8916672365451686
0.7453754080522307,0.5115803435978491,0.6605547020660827
0.4591549295774648,0.5628229499697572,0.9126709449613272
0.3582089552238806,0.6707629209325274,0.9667655588519617
0.8374291115311909,0.617545776135389,0.897925501717115
0.8374291115311909,0.617545776135389,0.897925501717115
0.5487179487179488,0.7154265516415049,0.967558720821889
0.3488372093023256,0.7396862529241778,0.9818915808637728
0.5336322869955157,0.6134500885556016,0.9333373944483363
0.537842190016103,0.6298972104100977,0.95803757369548
0.7454545454545455,0.42856845898004436,0.6850943166336217
0.3047619047619048,0.4603468547912992,0.641509047526395
0.7518573551263001,0.6711806024584628,0.9519788247838329
0.45454545454545453,0.6527005407156888,0.9782375776633168
0.7461538461538462,0.5627577319587629,0.8551008419815939
0.5547785547785548,0.5516150516150516,0.8288106660387909
0.699288256227758,0.5916596488368513,0.9352377680683335
0.4505703422053232,0.6792767643708588,0.9757783872231569
0.576592082616179,0.676360880622704,0.9410366568495697
0.5392320534223706,0.6489918698346574,0.9585809657952294
0.5384615384615384,0.4539343244447214,0.7068827322459367
0.5686274509803921,0.62782876943881,0.9694691356896851
0.5367047308319739,0.6472007219464788,0.9636611971428044
0.5693069306930693,0.651492323145358,0.9692586860223088
0.2803398058252427,0.6845211827007943,0.9672437215586421
0.6787878787878788,0.5737974987974988,0.8107311395889172
0.7672672672672672,0.6801860568983856,0.9348944187427177
0.6834677419354839,0.466555452469312,0.7728992403866048
0.3590733590733591,0.602644118773151,0.9369959297842965
0.3511111111111111,0.6755696202531646,0.979111353455876
1.16,0.6570982758620689,0.9260414768378467
0.3053435114503817,0.7120122985581001,0.9746034510281975
0.43283582089552236,0.6575773749388435,0.9723857352920451
0.8268156424581006,0.30726610863656956,0.5026814644134261
0.2741228070175439,0.7023157894736842,0.9765212406542341
0.5223214285714286,0.6177142687559354,0.9588526791002541
0.5909090909090909,0.6145029278679798,0.9353303117008077
0.46831530139103555,0.6662024780530603,0.9644754769649998
0.5485008818342152,0.7408513244526106,0.9839497478732098
1.0088691796008868,0.6354694086401403,0.8676889397548674
0.23307436182019978,0.6897336293007769,0.9613697388921425
0.23307436182019978,0.6897336293007769,0.9613697388921425
0.19895968790637192,0.6393329763634973,0.953051851382598
0.45569620253164556,0.6542721518987342,0.9258758221766106
0.7664233576642335,0.49535584828300455,0.6451642109853398
0.7009063444108762,0.519196335555787,0.8079298256279319
1.1576227390180878,0.37749457825765964,0.48750484164109287
0.36761710794297353,0.6674814246464054,0.9782580385104338
0.37749287749287747,0.7010401548137397,0.9741730907135174
0.37749287749287747,0.7010401548137397,0.9741730907135174
0.5843621399176955,0.6187365965339361,0.9611477432433764
1.010112359550562,0.24800152479034132,0.46178756401320464
0.31058823529411766,0.6469073083778966,0.9815145368492224
0.8278867102396514,0.4759008427932577,0.644722291532967
0.3898305084745763,0.6796037009743716,0.914030855424133
0.5383828045035824,0.40490988554237967,0.6327645819205775
0.7818181818181819,0.626582320295983,0.9216487531826398
0.632,0.6428172151898734,0.9701577850186762
0.4494818652849741,0.5807681683116572,0.920637315817504
0.4647058823529412,0.6467144452717796,0.9332590125181325
0.456441717791411,0.6219077775578864,0.9714089938407878
0.6901408450704225,0.5437176631215866,0.8446264616415037
0.8149779735682819,0.7286194785093464,0.9588134836389844
0.49673202614379086,0.6096921224630203,0.9375458033564332
0.2702702702702703,0.6742573151664061,0.9745911827852842
0.2740899357601713,0.6347865364025695,0.9712676777372496
1.0360884749708963,0.30966959228787067,0.5085695872828334
0.3907407407407407,0.5965025451992276,0.897329090861081
0.676829268292683,0.6582252984692009,0.9406105538595726
0.33383010432190763,0.6023259527357888,0.8514768607128246
0.37462537462537465,0.6994085914085915,0.9827143811632421
0.37900128040973113,0.5639685780530851,0.8759090741132644
0.38028169014084506,0.6556481747628629,0.8821519884837677
0.5199335548172758,0.6925185483956566,0.9710519167872836
0.4485842026825633,0.6459986829792396,0.9256391246820782
0.8225469728601252,0.6919237412969066,0.9560919893689459
1.115473441108545,0.23137841339970067,0.40442322559077326
1.1951909476661953,0.3386657516132002,0.5383620620839032
0.8170498084291188,0.41737916211882337,0.6358623131877156
0.8284182305630027,0.6556131080975559,0.9482005722029815
0.7778993435448578,0.3923419721968319,0.5100330266713876
0.4984552008238929,0.6614070439437915,0.9309996256083863
0.6547406082289803,0.6379317086522577,0.9421535329764925
0.4673768308921438,0.7139331793126733,0.9616624764941542
0.4673768308921438,0.7139331793126733,0.9616624764941542
0.5568475452196382,0.6295466944849128,0.9700660758868049
0.8792822185970636,0.5484871688553814,0.8291101742410552
1.043560606060606,0.3284850547214431,0.49315856695006
0.9758551307847082,0.5397166504179718,0.8334785505612219
0.9758551307847082,0.5397166504179718,0.8334785505612219
0.29285714285714287,0.6047522260936895,0.9714245736229226
0.5159235668789809,0.6423611111111112,0.9497589315234728
0.48868778280542985,0.707385411429529,0.9665256996472247
0.4777415852334419,0.5673341723423156,0.9071938159462722
0.45398138572905894,0.5894872477403519,0.8942559213253477
0.5681063122923588,0.6328126517845,0.91309268921727
0.8229166666666666,0.6850688950421941,0.9420624082772845
0.3277027027027027,0.7278915513451596,0.9702592354732963
0.4567627494456763,0.5724589908079134,0.9121857306100047
0.8802902055622733,0.32007736821823884,0.497635190534048
1.12565445026178,0.35111273455362096,0.5219986765596182
0.33134684147794996,0.5587651452139838,0.914585365511337
0.29579067121729236,0.5704078060733351,0.9486112222844794
1.1906614785992218,0.35508450389811497,0.4945628217439902
1.1906614785992218,0.35508450389811497,0.4945628217439902
0.6859592711682744,0.4092686562165059,0.5791164287474644
0.3837638376383764,0.6378929534487653,0.9044187465021662
1.1213171577123051,0.5297962332482408,0.7159410112359551
0.9557926829268293,0.633183568677792,0.9067979554602303
0.6247723132969034,0.6454008613593759,0.937288397023098
0.8245614035087719,0.6010972400794474,0.9050397749152637
0.7186081694402421,0.4053654749581973,0.5906785978448463
1.1751054852320675,0.6262565431144846,0.9127710550722078
0.8902654867256637,0.4574376748359401,0.7219317560232015
0.6202749140893471,0.710595329887388,0.94657439577997
0.43781094527363185,0.6297521232222725,0.9580518152540591
0.7435897435897436,0.6638575744179193,0.9370847868951919
0.4025069637883008,0.6283553893456448,0.9613038076876288
1.1657608695652173,0.3947881828316611,0.5672310445370474
0.7842778793418648,0.5923494543238602,0.8923401359670803
1.124031007751938,0.7752710208203392,0.9737886678704132
0.5605381165919282,0.6494808171400099,0.9745183882678724
0.5545454545454546,0.5486959761549925,0.7901969858548462
0.5340729001584786,0.6126985097367939,0.90648090169067
0.5340729001584786,0.6126985097367939,0.90648090169067
0.8202846975088968,0.5826109108313198,0.88861677577356
0.9045698924731183,0.5352458099666075,0.8413564472684578
0.7406639004149378,0.7586096679335634,0.9588015806560604
0.4406457739791073,0.5852111782427875,0.9365924523481183
0.4406457739791073,0.5852111782427875,0.9365924523481183
0.7647887323943662,0.4982893678831738,0.6903515265639374
0.9338028169014084,0.6294680602468506,0.9417682936519288
0.3748344370860927,0.6100648210984485,0.9572099444470963
0.4520884520884521,0.6056043691913258,0.9660387405977501
0.1164021164021164,0.6382238321013831,0.9566631230066913
0.7196581196581197,0.5302718395354975,0.78667096350598
0.7196581196581197,0.5302718395354975,0.78667096350598
0.717687074829932,0.545201018796144,0.8632761151170952
0.7791798107255521,0.6436895745794965,0.9282198617806446
1.0719794344473008,0.2674539032013464,0.4647223122303661
0.9024390243902439,0.6239032424763119,0.919094604154954
0.46808510638297873,0.650087120546062,0.9655381181889409
0.6920289855072463,0.35183077454873496,0.545257367592393
0.366120218579235,0.6653719109371177,0.9315852579291444
0.5296875,0.6024174963126844,0.9062358076180372
0.1466325660699062,0.6447664505640477,0.9749928797349763
0.46794871794871795,0.7164367096944152,0.9853117110045174
0.3769100169779287,0.6041064409061013,0.8829531720471423
0.5763016157989228,0.7311392249310671,0.9722440176263876
1.0269607843137254,0.7645069961158688,0.9789372762272857
0.4097222222222222,0.6155767419962335,0.9482155937021808
0.6332665330661322,0.5456387458461226,0.8141918267115218
1.0931263858093125,0.6083466760815497,0.8372973868043369
0.2521489971346705,0.751587327429018,0.9673586773742359
1.0676691729323309,0.769055855601445,0.9723801908020754
0.5721311475409836,0.6131805157593123,0.9182740331180799
0.30412371134020616,0.7123640354709069,0.9855371900826446
0.32887402452619846,0.6846418381422066,0.9742753428340952
0.5190582959641256,0.6149308952144815,0.9233123983167156
0.6518518518518519,0.6026430976430976,0.9568039002381519
0.6683366733466933,0.356172615095258,0.5606681895789289
1.0964467005076142,0.7676166807670615,0.9709721649369615
0.8673076923076923,0.5558097390414464,0.8915827057640613
0.6206293706293706,0.6407416527134837,0.9231222218674726
0.7327731092436974,0.7335671883432272,0.9696620740257623
0.5339912280701754,0.6158509402355993,0.9358003910479777
0.5339912280701754,0.6158509402355993,0.9358003910479777
1.0927230046948357,0.45503282855024885,0.5439848743004024
1.1743589743589744,0.3301578770574404,0.517034953655808
0.5205992509363296,0.6419044539649179,0.9163220955055099
0.8162839248434238,0.6969576430009237,0.9225270240186014
0.30660377358490565,0.5891962989840348,0.9703601894318539
0.4416796267496112,0.6012720960287385,0.9319416387988253
0.47575757575757577,0.6295092646207295,0.9548378833345532
0.48132780082987553,0.5684388960429881,0.8769241145470877
0.4407894736842105,0.6921696342847168,0.9807230033158908
0.10751104565537556,0.6549090120443036,0.9439164016356202
0.6445182724252492,0.5592847724081241,0.9160460843711433
0.34475597092419524,0.6089607651790965,0.9240804024870664
0.4204119850187266,0.6021370836565652,0.9481456184911119
0.375886524822695,0.6984584504215174,0.9648485879173491
1.1557788944723617,0.7126802490714442,0.929197867817504
0.5844017094017094,0.4619632728636385,0.7324653968657047
0.735191637630662,0.5391449378271711,0.8365318096799815
0.6306913996627319,0.5883322361598327,0.8363367742307656
0.5045045045045045,0.6183494208494208,0.9671677394354502
0.1264,0.6590708860759493,0.9659098919935738
0.12413261372397841,0.6221452276395121,0.9622120259375706
1.1924812030075187,0.6631825465302601,0.9408229503918908
0.4626865671641791,0.6279008184882041,0.9614470177559724
0.7569866342648846,0.3870738733326962,0.5822406395540723
1.0721649484536082,0.357755914618028,0.532764315487113
0.6912065439672802,0.5789347902372914,0.8837736615822261
0.7977736549165121,0.5626396858954998,0.88843998569263
0.18847209515096067,0.5771813570914647,0.9153480706178179
0.3574097135740971,0.6571502336620947,0.9061929693343306
0.5438311688311688,0.6464503779802288,0.9774077737480309
0.6666666666666666,0.6558515154427784,0.9472230577020961
0.8314447592067988,0.3137574742653624,0.44967803069602086
0.6544117647058824,0.6746530072703238,0.9688772218638072
0.5562700964630225,0.7295178707507016,0.9263907573933773
0.8238993710691824,0.6959554253951489,0.9436751138323997
0.4834761321909425,0.6427854298684598,0.9768613138686132
0.2701383238405207,0.6647215387179312,0.9753400519629966
0.8939051918735892,0.7440003876234125,0.9305402071851762
0.36268343815513626,0.6850559251584445,0.9734222987516143
0.2274436090225564,0.5048410022991363,0.934981658634827
0.3311874105865522,0.36956914691459875,0.6837798012511488
0.2257360959651036,0.6861668220778742,0.9742975011875064
0.2257360959651036,0.6861668220778742,0.9742975011875064
0.5053533190578159,0.6181643106013864,0.9476576885159536
0.7404921700223713,0.4715930979946876,0.7953935331634834
0.772082878953108,0.3254918088337677,0.5097636697407049
0.518578352180937,0.6555619303569721,0.9335289838713723
0.40504939626783754,0.6321904217944485,0.9198693670491583
0.6854395604395604,0.6464508687705081,0.9525098764530757
0.45125,0.596340027700831,0.9123213145843321
1.0817031070195626,0.5835853144969763,0.8338631992590332
1.0632911392405062,0.5571859721385037,0.711745094736617
0.38478747203579416,0.6449277482961344,0.9730035346089977
0.6695352839931153,0.5765301381803379,0.916167454156823
0.8317757009345794,0.43805457838916306,0.7294390863637605
0.8317757009345794,0.43805457838916306,0.7294390863637605
0.9922308546059934,0.6308234449915208,0.865653804578834
0.30434782608695654,0.5587046352856629,0.9661788040523297
0.4931506849315068,0.6195300608828006,0.9550520604194164
0.46283783783783783,0.5741297867210275,0.8963755948879739
0.7408536585365854,0.7017135275519422,0.9714071710033543
0.9865642994241842,0.40409605891095396,0.560119358795853
0.3350125944584383,0.6167875608416508,0.9436051965361255
0.6679462571976967,0.7197558850133474,0.9649505499584065
0.7629482071713147,0.6791294352615647,0.9726471278366873
1.1711711711711712,0.3598988218988219,0.5218000269272582
0.6981132075471698,0.5234629283371421,0.6763076422532777
0.3289299867899604,0.6914925222687315,0.9758072364924049
0.47058823529411764,0.6171410317298777,0.9512241883406899
0.36920529801324503,0.5704013601401716,0.8871139079729807
0.519163763066202,0.6995825830741529,0.9581440038433052
0.656910569105691,0.6532298961603478,0.9636082431381396
0.7047101449275363,0.6652509220967923,0.9346764246899363
0.7597765363128491,0.3174002492058276,0.5221608806160107
0.42219679633867274,0.6655333544182124,0.9778497087705951
0.5169606512890095,0.6193335398882467,0.963503043029012
0.5583657587548638,0.5602401062921135,0.7800535165670114
0.3383742911153119,0.7632245936783855,0.9659248863940123
0.4911147011308562,0.6201481591701385,0.9631803100084187
0.4023285899094437,0.6181349650378739,0.869472236849804
0.6895261845386533,0.5499925592889386,0.6633525102966832
0.778238341968912,0.4071731646233347,0.5989641901684333
0.8714859437751004,0.6032470897414542,0.9110830820618355
0.47232472324723246,0.6654174354243543,0.9764372435382207
0.2803738317757009,0.47792612372051624,0.6675013430297864
0.9054325955734407,0.5825486250838363,0.900555732197907
0.8733944954128441,0.3796507593863233,0.5767280350408732
0.7238421955403087,0.5307630087876891,0.8061805643446077
0.7465034965034965,0.3262454758356398,0.5083602545198486
0.3356521739130435,0.6899842306825862,0.9550542878346606
0.42105263157894735,0.5979743608332125,0.9283098320758167
0.613251155624037,0.5044153742518448,0.8767521045442005
0.22255489021956087,0.5834720693142862,0.9037780319572979
0.9140969162995595,0.6933330237248554,0.9026479649874715
0.39518072289156625,0.6632823978842198,0.9663801684737817
0.9004149377593361,0.6236686616823145,0.9215352642384896
0.45605095541401275,0.5637334092445646,0.8900362079668763
0.42724458204334365,0.5760561089424328,0.9183603215336331
0.38866396761133604,0.6914747807017544,0.9718815989330567
0.7453416149068323,0.46064814814814814,0.7625319516572021
0.4008438818565401,0.6648123473240062,0.9713887063671688
1.1717902350813743,0.3621659634317862,0.5433967952234007
0.8258064516129032,0.7305779569892473,0.9424598945934913
0.3619702176403207,0.47128336740760074,0.7442100081283128
0.6638078902229846,0.5779404399413175,0.9197290091411805
0.7472766884531591,0.6395867870957906,0.942405602324787
1.1515957446808511,0.8014655299493882,0.9630422348100448
0.7203065134099617,0.6647101980924431,0.9655524595077654
0.4088291746641075,0.6836122300018923,0.9706548441578382
0.47901591895803186,0.6769819999038129,0.9646720931029434
0.4015748031496063,0.6043073591835879,0.9341552024373212
0.5362563237774031,0.6922852567161963,0.9834197125380421
0.70018281535649,0.6224552627433759,0.8213867298219977
0.407202216066482,0.6145792111858593,0.9516707336200262
0.6587436332767402,0.5711278945618119,0.9187220204409157
0.3155844155844156,0.6982977927422371,0.9740602961129583
0.8828125,0.5629558732024337,0.8868750404187897
0.47700394218134035,0.6355654260922449,0.9697054218181718
1.1432192648922688,0.31056812210016327,0.5078425403098416
1.0939289805269188,0.31508609057051873,0.4729865499918976
0.6702241195304163,0.3700563867608372,0.5794548580065568
0.5788590604026845,0.6349236455597704,0.9269991621341438
0.690978886756238,0.6961718916613351,0.9575892693444414
0.7844463229078613,0.33200130439851927,0.47950065910472267
0.6083333333333333,0.5958242009132421,0.926362009967485
1.014765100671141,0.5632248499698164,0.8496776405484531
0.44360902255639095,0.6786032878807188,0.9711442987699852
0.6299638989169675,0.6737920618993928,0.9581016679904686
1.1681243926141884,0.3589951312115053,0.5031039925309294
0.3742953776775648,0.5767325219706334,0.8865471647883575
0.72875226039783,0.5860476803718944,0.9360491367385991
1.166365280289331,0.36465508782258854,0.5576291532690246
0.38016528925619836,0.6514877031181379,0.9725429865601812
0.38016528925619836,0.6514877031181379,0.9725429865601812
0.5283630470016207,0.6492453092839884,0.9387166105983495
0.2859375,0.6928406762295082,0.9620379975695782
0.2897196261682243,0.6943491860114561,0.9817113781069345
1.1898395721925135,0.7841885477377877,0.9674615646914057
0.5945945945945946,0.7056862056862057,0.9399251986909771
1.0628019323671498,0.716016139657444,0.9280860420105881
0.39387755102040817,0.7088611610447287,0.9873192141152906
0.34038950042337,0.6914243347192909,0.9788098763002488
0.9282639885222381,0.651304220561071,0.9214825342444265
0.4115898959881129,0.7010100793365555,0.9818591633952554
0.7253521126760564,0.4671231271121877,0.6337962840255507
0.5443886097152428,0.47703131039814456,0.9800145060274132
0.31385642737896496,0.797921180691223,0.9626017044024147
0.4493731918997107,0.6502911584671862,0.9185060043053873
0.7678571428571429,0.4667953006230178,0.6589451225794016
0.7678571428571429,0.4667953006230178,0.6589451225794016
0.6792869537781985,0.5375113736968347,0.7576980367704437
0.3698224852071006,0.6844082840236686,0.9266246875600846
0.42467248908296945,0.6629051088335335,0.9780121273851594
1.1518467852257182,0.6880692507904117,0.9433688658514717
0.63668430335097,0.637321862160274,0.9554121701046218
0.5102040816326531,0.6392940441482715,0.9466058185966914
0.7857142857142857,0.5962428297139041,0.9007611926853437
0.3890746934225195,0.6373058236145317,0.9706438265193182
0.798728813559322,0.7333205952434474,0.9399603817756168
0.2966101694915254,0.6437490734792707,0.9542140170589593
0.2966101694915254,0.6437490734792707,0.9542140170589593
0.38857142857142857,0.6862001050420168,0.9813240297733947
0.5640625,0.5646792763157895,0.9043009634712692
0.6558659217877095,0.3985581452894654,0.6700378396972824
0.4474097331240188,0.5923132005838773,0.9492289222566492
0.5296875,0.6020948561946903,0.9261585800326845
0.4451901565995526,0.7016458129574045,0.975431933797501
0.3423782920989625,0.5690668735361473,0.8967738720132041
1.0597560975609757,0.24770692413483397,0.4342684078965497
0.59375,0.6627401112735543,0.9713189915891361
0.735593220338983,0.5304928532375225,0.8171394884381241
0.403068340306834,0.6294682283447467,0.950577740852892
0.6793103448275862,0.5717114475757046,0.9272915683344986
0.3799212598425197,0.6262035412671861,0.9611970441807308
0.42134831460674155,0.6112757490636704,0.9532252118079511
0.1959890610756609,0.5514341438595748,0.883024696596792
0.6815476190476191,0.5265127885215222,0.8494595472987849
0.6138790035587188,0.6724818195884265,0.9571762063118021
0.5856269113149847,0.6239470301259172,0.9547860723264004
0.35177865612648224,0.4823493360572012,0.8234825819345858
1.1934782608695653,0.5167240833135345,0.8157322264660469
0.4112903225806452,0.726122707147375,0.9652381828214088
0.5817120622568094,0.675464908970238,0.9768926739754388
0.5411954765751211,0.6295445229426374,0.9065313477610231
0.7629757785467128,0.7237326303070247,0.9664631351192768
0.9056974459724951,0.5534138223474211,0.8198080182827706
0.3886986301369863,0.6564253816909058,0.9064640288331831
0.5181518151815182,0.6702087406192848,0.9324549602246139
0.3498452012383901,0.5844543686128387,0.9721108275610645
0.806390977443609,0.5943004364056995,0.8934854139013408
0.3769123783031989,0.5921611093718726,0.9565505749318124
0.46474358974358976,0.5943130464682189,0.9149137284037439
0.7268722466960352,0.6744671383437904,0.9416636121344657
0.6866812227074236,0.3301282273797044,0.5238973347637534
0.592391304347826,0.6753215995213403,0.9738547405696413
0.4469026548672566,0.6665985182589055,0.9627733993264762
0.9217032967032966,0.5367798185421137,0.8422972399969162
0.5089903181189488,0.5469135245655181,0.8709918775102204
0.6039360393603936,0.37568233116139715,0.6194958226187894
0.55625,0.7033707865168539,0.9647828157693358
0.7120418848167539,0.5569371727748691,0.8005447513880093
0.8269230769230769,0.6981627176809901,0.942699924824076
0.7025316455696202,0.6656813063063063,0.9569980890316565
0.5337763012181617,0.6117609351952689,0.9248816832671918
1.0920096852300243,0.7005604977907582,0.9259987297442103
0.5174050632911392,0.6311694344443154,0.931205448451382
0.8916184971098265,0.5259740868082555,0.8385763335903645
0.9934980494148244,0.5138711115952587,0.8159210097818904
0.4294385432473445,0.7011828608503086,0.9777815163750561
0.5401069518716578,0.6848714283193025,0.9624976747070131
0.5127272727272727,0.7112024500322373,0.9691696722355722
0.5127272727272727,0.7112024500322373,0.9691696722355722
0.5728155339805825,0.5962257510101842,0.9200901485546605
1.0105633802816902,0.397905727045198,0.6398804385891359
0.4666666666666667,0.5536302175191065,0.8956772379976117
0.48951048951048953,0.6814185814185815,0.9641415256857635
0.5066889632107023,0.7203577381149486,0.982391769026975
0.43542857142857144,0.600092988376453,0.9433021894987988
0.43542857142857144,0.600092988376453,0.9433021894987988
0.4552238805970149,0.6904170234891118,0.9330023403716696
0.33962264150943394,0.6270887110958989,0.9212747865956395
0.41263940520446096,0.6933378545832077,0.9831588070475377
0.41263940520446096,0.6933378545832077,0.9831588070475377
1.0409252669039146,0.3320588861514128,0.4749146275149538
0.41947565543071164,0.6824337881219904,0.9688043342808144
1.0467289719626167,0.6807853179238985,0.8719261508043858
0.4713740458015267,0.6900554748586086,0.9595704562425128
0.521505376344086,0.6234297749695156,0.9515056872494962
0.6401799100449775,0.6821027425397371,0.9780446055480039
0.49300155520995337,0.6393875318278378,0.9390872637005919
0.3687845303867403,0.6761463571088625,0.9659169428709728
0.7454909819639278,0.7021731635313638,0.9607639349579113
0.4093333333333333,0.6050032573289902,0.9705528867089115
0.34735706580366776,0.45354848003644965,0.5836818369951368
0.9873417721518988,0.5857428143820549,0.8464642845509919
0.7483940042826552,0.34574093305517517,0.5621182048874755
0.3202247191011236,0.7061293996539414,0.9724828064671814
0.5135135135135135,0.6660812262316022,0.9536416959772235
0.4857142857142857,0.6354627035999585,0.9616077490963182
0.27140255009107467,0.714569504040293,0.9785219844146278
0.9596100278551533,0.6154715363996911,0.9302755461043614
0.7983789260385005,0.34978965125309225,0.5399583595488223
0.6655737704918033,0.5069207784866349,0.8443792792671608
0.46687054026503566,0.6425935570601249,0.9569527698551724
0.24455205811138014,0.6115959053532471,0.8958869233132873
0.24455205811138014,0.6115959053532471,0.8958869233132873
0.9242579324462641,0.28398401325729883,0.47540927613508605
0.9242579324462641,0.28398401325729883,0.47540927613508605
0.41953562850280224,0.5039115261674989,0.8619015262387623
0.8737864077669902,0.5625631067961165,0.8691223380320187
0.5479674796747968,0.5459795903597018,0.8267540494925805
0.6821589205397302,0.6568199416775129,0.9581870227631607
0.5826558265582655,0.6982668431335476,0.9733200973372808
0.9878603945371776,0.5383488458284091,0.7433149400649799
0.6948176583493282,0.35295887636398343,0.561805457388024
0.2942122186495177,0.6458629838525469,0.9730194760073854
1.1627218934911243,0.5924057470225996,0.8387287164592715
0.8711943793911007,0.7004041701291833,0.9462832938534751
0.44635193133047213,0.6914926543413668,0.9781815528312902
0.25250501002004005,0.5183660972739129,0.9360637316320999
0.6336283185840708,0.645649379542196,0.9595942525230631
0.2939914163090129,0.6436750101813853,0.9684211766646635
0.36918304033092036,0.676934062146058,0.9866040989852806
0.4281567489114659,0.6417234508376177,0.9672703137630054
0.7831775700934579,0.5802288492851247,0.8601546819563068
0.3185840707964602,0.6682694198623402,0.9748411434800694
0.796078431372549,0.6506423258958756,0.9522209116892182
0.8193916349809885,0.5959171790777483,0.9045822355095632
0.9012345679012346,0.5665846440047353,0.8525305809813906
0.7586206896551724,0.7085669967784274,0.9629656928684359
0.526813880126183,0.6163485332174767,0.9052480813447407
0.8224043715846995,0.6430557068424014,0.9407069290332218
0.9055690072639225,0.705597493234582,0.9452640525936912
0.4510166358595194,0.5918987303415048,0.9165215045249532
0.4213406292749658,0.6298368184483095,0.9090830413780503
0.27640449438202247,0.5091372065406047,0.8832704711494271
0.9377510040160643,0.5583124790382085,0.822362754287741
1.1569060773480664,0.659564554343639,0.8605876877232506
0.46270543615676357,0.46411646045332394,0.7348626964116756
0.3978930307941653,0.562678455307364,0.90226848378265
0.3978930307941653,0.562678455307364,0.90226848378265
0.5642276422764227,0.6106042501347204,0.9261627142496686
0.8979885057471264,0.5689701149425287,0.7631907591451099
0.6496350364963503,0.6688955753301075,0.9455194275880808
0.3104972375690608,0.6684040817129038,0.9770226927852117
0.41033434650455924,0.5976109172326667,0.9353662786372375
0.519327731092437,0.7096924206575834,0.9828891466795228
0.35106382978723405,0.5347759509993553,0.9809117282924035
0.3920704845814978,0.61153046577241,0.9480863309352519
0.7077051926298158,0.33582210857046574,0.5159315199697891
0.6621848739495798,0.5569210425286866,0.9206517101927558
0.9292604501607717,0.6803758386274881,0.9303986808898288
0.5479289940828402,0.6653507482714992,0.974157416901809
0.4759124087591241,0.5778379830728584,0.8977205132932373
0.4759124087591241,0.5778379830728584,0.8977205132932373
0.7547528517110266,0.6248048577257186,0.9342857142857143
0.6286231884057971,0.6814622227791004,0.9636126060283924
0.4353393085787452,0.6383087293816374,0.9263495880528495
0.746031746031746,0.6899010047281324,0.9764292916090966
1.0321782178217822,0.7749394543770924,0.9768347568435112
0.4983783783783784,0.6439584921146744,0.960737801848703
0.509367681498829,0.6128119195671485,0.9390793739842094
0.4799081515499426,0.6353006773273859,0.9504494416650401
0.4279228149829739,0.621114178787669,0.9674469427138412
0.4536702767749699,0.6087405478044093,0.9630943573453995
0.6007067137809188,0.6923248804822282,0.9413855355710768
0.5357624831309041,0.6538308569330709,0.9264471069901861
0.3275167785234899,0.497318186819232,0.764616327997801
0.36455463728191,0.525051291481335,0.8803639402818365
0.7229885057471265,0.49409480474389195,0.6775026090704193
0.6236162361623616,0.7129467892312059,0.9471317880050326
0.5128900949796472,0.6477156066708305,0.9278497089615171
0.5616666666666666,0.64513353115727,0.9618953865212534
0.5139318885448917,0.6351225334775635,0.9412975142775096
0.6418685121107266,0.6088309907758886,0.8782014415105255
0.34506089309878213,0.6935206558942928,0.9717090906387202
0.315359477124183,0.6459592688543466,0.9757011825712212
0.2906574394463668,0.7324260586587577,0.967876486758662
0.9209677419354839,0.32788966725043783,0.4878212267025278
0.6082758620689656,0.6389365861287044,0.9517650731234596
0.3576923076923077,0.6000160830805992,0.9617723206558367
0.3712047012732615,0.6432386893701917,0.9237920802551954
1.1206703910614526,0.3051103672223553,0.4973795653310864
0.5384615384615384,0.6493341425437397,0.9145358430284495
0.34387672343876724,0.6108088876646927,0.8826804987167208
0.34387672343876724,0.6108088876646927,0.8826804987167208
0.24646226415094338,0.46888823688724385,0.7386450500417755
0.45746388443017655,0.625020416209062,0.9625728052181229
0.5374149659863946,0.702526263670025,0.9819866921939825
0.5706447187928669,0.6371016671942598,0.95377491682052
1.1666666666666667,0.5526674107142857,0.7394335175815616
0.6161290322580645,0.5554657152508022,0.8489323533397433
0.30390143737166325,0.6655405405405406,0.9540757978062193
0.27989487516425754,0.6518140820393231,0.9616100480101937
0.729758149316509,0.3280938917626524,0.5374467926682469
0.7297830374753451,0.6958499920038381,0.9575242985512562
0.5270718232044199,0.6419206134102413,0.9696311757203366
0.4845360824742268,0.6352239769930053,0.9742138952483297
0.7224334600760456,0.6525365219131479,0.9382402555129141
0.7224334600760456,0.6525365219131479,0.9382402555129141
0.5295169946332737,0.6645161485277764,0.9274432649687278
0.2659279778393352,0.6522968605724838,0.9707770596697658
0.49523809523809526,0.6757453194953195,0.9650663905690879
0.5125,0.5773483168715985,0.9206081997280016
0.573170731707317,0.7000934094447328,0.9746983599450907
0.7319587628865979,0.5616943355436168,0.8569758282873037
0.708029197080292,0.585429887709969,0.8780897678676682
0.47086247086247085,0.6984756167924485,0.9805520905895122
0.49594320486815413,0.6367467655562331,0.9278043635605373
1.1360634081902246,0.6742381186445885,0.8887724626676791
0.4479166666666667,0.6895736434108527,0.9756044061499654
0.23293607800650054,0.6566303005870644,0.9740317987128024
0.25934314835787087,0.6436893876077485,0.9633093045975311
0.7056603773584905,0.6577817576430229,0.9398338529183861
0.45020463847203274,0.6288767621646203,0.9717518094301173
0.4346473029045643,0.5989884035294467,0.9480651032839658
0.6048387096774194,0.5615655913978495,0.9075011120996441
1.1120567375886525,0.22628636561007381,0.3919235662402938
0.35039370078740156,0.6179388215518004,0.9584551918145406
0.47938931297709925,0.6351169348957068,0.9265758943929974
0.6230366492146597,0.6358812285821833,0.9278453834740926
0.6487889273356401,0.6026874279123414,0.8139502280487501
0.7423469387755102,0.4832430394838348,0.8263799358378556
0.6238317757009346,0.5563985438762294,0.8313024605810214
0.6158798283261803,0.6196707092760688,0.9671889132020423
0.7440633245382586,0.3040347405452946,0.45536030212898637
0.4172494172494173,0.6847530960659453,0.9870848751780406
0.32065217391304346,0.6836274871039056,0.9821916829230203
0.5087209302325582,0.6335963455149501,0.9610587583148559
0.34507042253521125,0.5871858132924531,0.9816593361854355
0.3871345029239766,0.6032119573859119,0.9129252464644682
0.30114942528735633,0.7391945248749671,0.973840872047995
1.0017985611510791,0.3564412383916924,0.5227387348138116
0.7601809954751131,0.32001875269338503,0.5139187192750777
0.4917541229385307,0.5964182542874904,0.871041388518024
0.5511713933415536,0.5999153143162941,0.9427716196825919
0.37031900138696255,0.6783415668001683,0.9731025746115727
0.4899497487437186,0.6557595670660997,0.9294428109648082
0.6568396226415094,0.3247973899935639,0.5963074172327008
0.8710433763188745,0.284104553795566,0.4662114839138985
0.3834296724470135,0.6835441659162866,0.9254588565332879
0.4077669902912621,0.612299149895742,0.9146494436340317
0.8291347207009858,0.3375288110530268,0.5158653814259273
0.4154929577464789,0.625589341131535,0.8878242963543294
0.48615384615384616,0.6352921129503408,0.9620280228104645
0.3329326923076923,0.565689218272702,0.8987043783670136
0.6629834254143646,0.6669454675670146,0.9649079309630244
0.48705179282868527,0.6137026535982858,0.9260983357640901
0.9327548806941431,0.6584422135902739,0.8872717632183595
1.1381074168797953,0.3710947153653841,0.5416723030895987
1.1381074168797953,0.3710947153653841,0.5416723030895987
0.6397536777283612,0.49413792846108495,0.7355010061166783
0.5030395136778115,0.6294272674680208,0.9637456501107244
0.4328125,0.6498589801444044,0.9717640410106744
0.7360912981455064,0.7045707129350098,0.9675257252518427
0.582089552238806,0.6993517986988136,0.9432078454143682
0.8256172839506173,0.3749307718933887,0.6015522316222071
0.8256172839506173,0.3749307718933887,0.6015522316222071
0.571917808219178,0.6528176523664999,0.9266460965244222
0.28475935828877,0.4515044814340589,0.6795792277970393
0.6734006734006734,0.5490656565656565,0.8636571269686799
0.49382716049382713,0.6293378665123457,0.9008570255036707
0.21643835616438356,0.5014739032425871,0.847091904980424
0.4019471488178025,0.6342502803297544,0.9190288906089831
0.7320388349514563,0.6725837603976205,0.9376595400937046
0.6148648648648649,0.5533045923670924,0.8340684362768931
0.48841059602649006,0.6358373554832192,0.913244824917779
0.44935805991440797,0.5902973077010167,0.8423282098671689
0.8598014888337469,0.5660361144232112,0.8572009554459606
0.5948827292110874,0.6278505704962133,0.959713971975445
0.42064372918978915,0.6005933014914534,0.9171362132188534
0.5325506937033084,0.6288671259274151,0.9685872497702349
0.5570698466780238,0.6810038083032472,0.9680986184091153
0.6670353982300885,0.35724768487943764,0.5591478121052027
0.5470514429109159,0.5947604549169477,0.9199823726188012
0.5112107623318386,0.5705141653336131,0.9213646919314196
0.7295719844357976,0.6773826199740597,0.9431027321812305
0.7295719844357976,0.6773826199740597,0.9431027321812305
0.3744813278008299,0.5809732072045148,0.8857370664540465
1.1603773584905661,0.3807715907347753,0.5132034750761597
0.44636251541307026,0.5811544985728008,0.8967379450078444
0.44636251541307026,0.5811544985728008,0.8967379450078444
0.5868055555555556,0.6714563814924391,0.9581203252747575
0.6710334788937409,0.6054302557253234,0.9303106388656405
0.436426116838488,0.6389080553075196,0.9695926003870219
0.6306760847628657,0.3334627648839556,0.5645588719674284
0.4576,0.7297734265734266,0.9662454445794199
0.43085880640465796,0.640952633856564,0.9662900523404949
1.0343137254901962,0.49921011058451814,0.7250301327339903
0.4809069212410501,0.6377955903515993,0.9705971813849742
0.44967880085653106,0.6800601611094117,0.9785275173496486
0.28308026030368766,0.6755969448392217,0.9824956866205162
0.6804308797127468,0.617002126923824,0.9021526825416615
1.1745283018867925,0.6619949399274245,0.8361585600914565
0.3684210526315789,0.6525744642563746,0.9319638198141826
1.1607773851590106,0.6740807073591817,0.9365700012890378
0.625886524822695,0.6560308801960902,0.9630728845990776
0.23934837092731828,0.6415252791665026,0.8954499457400191
0.6490299823633157,0.6403841729928686,0.9025115920933987
0.4558139534883721,0.6303142962611401,0.9036280750563225
0.6011673151750972,0.5968229383098486,0.8306183787383566
0.44680851063829785,0.6514930786616547,0.9823411631239011
0.3388349514563107,0.6001015383759424,0.889659879656704
0.7858508604206501,0.5925644210594875,0.8820971131971592
0.36183074265975823,0.5881601889522302,0.8995021441370735
0.8511530398322851,0.588437587136351,0.8897928907454762
0.9767981438515081,0.7190701621925478,0.9324809628118221
0.6817102137767221,0.49941238299386725,0.7923226407909768
0.6817102137767221,0.49941238299386725,0.7923226407909768
0.4419161676646707,0.5627752624831638,0.8874782800068582
0.3064699205448354,0.5471433976541809,0.9288495095222972
0.4797891036906854,0.6297920006180112,0.9116620616068475
0.2883625128733265,0.4785567161983228,0.7365057441334553
0.2883625128733265,0.4785567161983228,0.7365057441334553
0.5736842105263158,0.7010032727077633,0.97117903930131
0.6920600858369099,0.3351299198190105,0.5095241768539045
0.3634085213032581,0.5621575490450264,0.8230547313413006
0.673721340388007,0.6030891899129246,0.925955724422454
0.5523520485584219,0.6187467691640681,0.9063886437681486
0.5469522240527183,0.6704858974613446,0.971778514560244
0.2228855721393035,0.5778340440653873,0.8972471875237104
1.0613636363636363,0.635339205762118,0.8654947692226097
0.27467811158798283,0.7026295004768717,0.9839929042861242
0.4091381100726895,0.6840905377126261,0.9858031044789725
0.5,0.6548017343820733,0.9757082779991146
0.5968379446640316,0.6902402952647698,0.9465423479368954
0.41899441340782123,0.685615559693772,0.9757819908004547
0.5758176412289395,0.45989280639477065,0.7293285559509656
0.5775862068965517,0.6729773546062789,0.9663591047324137
1.1774193548387097,0.8005842784897138,0.9612214595468898
0.7483085250338295,0.3182652379565759,0.47359298847372955
0.6605616605616605,0.43417652382532235,0.6696585994134489
0.4314002828854314,0.6050038259095231,0.9367314920856026
0.40443896424167697,0.6255883281705813,0.9163704546017726
0.40443896424167697,0.6255883281705813,0.9163704546017726
0.4682926829268293,0.7372007678410117,0.9802667387379271
0.5540704738760632,0.581815832107608,0.9178645368083653
0.2721238938053097,0.634317217065976,0.9748852767180848
0.3865546218487395,0.6613054642146714,0.9745335576743317
0.37073707370737075,0.5757051966324229,0.9120280707560953
0.7783842794759825,0.4731001610759629,0.6165892235500244
0.4569672131147541,0.6130334301257075,0.8871110904261508
0.2742155525238745,0.6552503512451385,0.976917861588124
0.48360655737704916,0.6580327868852459,0.9528265828743396
0.6038863976083707,0.6351359351181755,0.9473515744859329
0.7110266159695817,0.6634625160122811,0.9549204165919791
0.2725,0.6336811926605505,0.9779826905718483
0.6741154562383612,0.6723741473502268,0.9724930711854318
0.6371100164203612,0.5523102771147563,0.9028030465491121
0.38836265223274696,0.6147704073213166,0.9139872002467422
0.3702970297029703,0.6992005082861227,0.9736062165469853
0.7253086419753086,0.35427356040043195,0.5469524634540062
0.3458149779735683,0.7165885687028255,0.9684863194220595
0.7155727155727156,0.34844170995250134,0.5486513428255375
0.5275908479138627,0.664496182052902,0.9699695034092533
0.48125,0.6836343344155844,0.9542280947727692
0.681360201511335,0.671026227203099,0.958342130155284
0.8142857142857143,0.6673980870543706,0.9198790254356777
0.5793528505392912,0.49754532341081203,0.7879918742982496
0.5793528505392912,0.49754532341081203,0.7879918742982496
0.39335180055401664,0.5520756115641215,0.9073654004921489
0.7769347496206374,0.49839067242033386,0.6720660232200307
0.8649789029535865,0.6715369970155398,0.9108271364113802
0.4175,0.6293843562874252,0.9243341138189933
0.778393351800554,0.32090698041225935,0.48860500152908926
0.8033175355450237,0.4543541780256959,0.7637775845456041
0.8252631578947368,0.7004135338345865,0.9091460439177413
0.47941176470588237,0.6272961024900758,0.9582774862435266
0.43931795386158473,0.6266264547065855,0.9410403272537816
0.7762128325508607,0.6561553460548236,0.9520876253261915
0.7762128325508607,0.6561553460548236,0.9520876253261915
0.6042440318302387,0.5309563016799924,0.804239583020298
0.8324958123953099,0.3714127309923191,0.49966759181748777
0.851380042462845,0.6906698222596376,0.9409691915949535
0.960127591706539,0.6507177033492823,0.9265643714692595
1.0750670241286864,0.34101742961630777,0.4579568053367092
1.0750670241286864,0.34101742961630777,0.4579568053367092
1.0928270042194093,0.5467515435869866,0.7391470723455098
0.5206611570247934,0.6480230880230881,0.9410514123734122
0.5276923076923077,0.6517829109665845,0.9703224169418301
0.7765726681127982,0.4704605908942183,0.6146084925963122
0.2874251497005988,0.7046181075349301,0.9685289578599906
0.8059701492537313,0.32789263558749465,0.5026278078753265
0.8811320754716981,0.5252797866752859,0.8303921005064925
0.33004926108374383,0.5993217410484524,0.9561414762709441
0.6493506493506493,0.5293141233766234,0.8915007929129983
0.4634433962264151,0.56465444812521,0.9030894191891924
0.5015673981191222,0.630943867554859,0.9621851564133975
0.7236467236467237,0.40686340489490097,0.6087757967698444
0.7117852975495916,0.3484620387550931,0.5528853668567127
0.4154786150712831,0.7040653328541192,0.9797852091640386
0.22429906542056074,0.506131230529595,0.8943158517621479
0.7670157068062827,0.2900677679895645,0.45510521271208565
0.7276785714285714,0.4391578453659071,0.6724245708437135
0.33430232558139533,0.6945455566790248,0.9838528394295479
0.2605932203389831,0.7273839051949842,0.9818870907738095
1.1334702258726899,0.6314186977353212,0.9220066377329589
0.40074906367041196,0.7229919230634604,0.9915778924928628
0.648506151142355,0.6191292668638462,0.916511850078789
0.584251968503937,0.6739520767451238,0.9838090044985315
0.8166023166023166,0.6246109331215715,0.9050396439647932
0.5854922279792746,0.6391652783509356,0.9294551704722251
0.40914709517923364,0.5805720388828101,0.9079891834434263
0.40914709517923364,0.5805720388828101,0.9079891834434263
0.5422095306086026,0.5809360376287105,0.8757285273551332
0.6222222222222222,0.6122029679721988,0.9229530248858366
0.4152202937249666,0.5589059796770829,0.8251582930338389
0.3523002421307506,0.5423479194228801,0.9313434115394508
0.5102339181286549,0.6122568240084452,0.9176788590193167
0.7172774869109948,0.554676585860902,0.9233259468953988
0.5688524590163935,0.5412127368072944,0.804094224006626
0.4192592592592593,0.6838241067923047,0.9765921418078104
1.06479217603912,0.23117485732892806,0.38055486561577606
0.9229166666666667,0.6131325244544771,0.912770590047327
0.4806282722513089,0.572647115856232,0.8762341935089756
1.1711111111111112,0.5487666034155597,0.6995533050587799
0.8455598455598455,0.5747805045750252,0.8961028252198023
0.8429423459244533,0.6127058404291233,0.8756923386218566
0.9712746858168761,0.3510073439371866,0.5251486377459195
0.5058949624866024,0.5855939015750177,0.9218564281667182
0.6786516853932584,0.47350621325991515,0.7963819309300477
0.35668789808917195,0.6382443635628349,0.9610283343799357
0.7698744769874477,0.32841777333090777,0.5446380497656693
0.7698744769874477,0.32841777333090777,0.5446380497656693
0.2967741935483871,0.6231884057971014,0.968081629688805
0.2967741935483871,0.6231884057971014,0.968081629688805
0.8324396782841823,0.49632716409147226,0.6780549948467213
0.35665914221218964,0.6391905020430323,0.9696467273515388
0.7635782747603834,0.5614514684454663,0.8586249897783956
0.468944099378882,0.6118475175846325,0.9656809439566325
0.3614864864864865,0.6471054874968426,0.9157018793108262
0.4939209726443769,0.610512041150339,0.9234381907237459
0.9193548387096774,0.574415499434069,0.826903860229768
0.40458015267175573,0.5833242114359787,0.9075675070028011
1.1469933184855234,0.514154431638809,0.7001507593915445
0.484375,0.6579208669354839,0.9318254016411874
0.778816199376947,0.6815124610591901,0.9578090384497508
0.30297029702970296,0.733268620979745,0.9739895820798019
0.2823871906841339,0.6712698269781959,0.9668601132581162
1.0040431266846361,0.3306047504477288,0.45806070798833515
0.19962157048249762,0.5842028095253041,0.9063482567684131
0.5841584158415841,0.6736775372452499,0.9580727172684453
0.6319444444444444,0.6927274114774115,0.9449577098243331
0.6695869837296621,0.37324225375176917,0.5935609639952678
0.6695869837296621,0.37324225375176917,0.5935609639952678
1.197265625,0.6266536245921697,0.9326075256707833
0.5803048065650644,0.6204045140739162,0.95560443809701
0.2751196172248804,0.6496879550655295,0.985266976890922
0.7917525773195876,0.7000698024054983,0.9321684296321188
0.7917525773195876,0.7000698024054983,0.9321684296321188
0.4850640113798009,0.5427201394943331,0.7918835022368301
0.42836879432624114,0.6130571603024753,0.9550519869172965
0.40577507598784196,0.5622104208644969,0.9005762374973787
0.6414686825053996,0.39177411261644524,0.691701399978494
0.08161953727506427,0.6564049754063518,0.964886115119687
1.1948051948051948,0.6731267204263128,0.9423686786498395
1.0975,0.33500569476082004,0.44561014131023485
0.317157712305026,0.7803363923061625,0.9759669768020326
0.3173758865248227,0.7101905780736162,0.969035937774534
0.5874285714285714,0.6087415230683714,0.9285843897061941
0.647495361781076,0.6942496717363684,0.9352334574620452
0.34177215189873417,0.6799065826257575,0.9812880347842068
0.4838709677419355,0.6358837441786751,0.9348630299032857
0.3978494623655914,0.6335170295743773,0.9435674780238865
0.48556430446194226,0.644380009931191,0.9764928782585327
0.11436740528949249,0.5807072015725518,0.9595610625740513
0.3768996960486322,0.5835130895185803,0.8914914156839574
0.7169811320754716,0.5556703078450844,0.861935642878048
0.6466942148760331,0.6197720011617776,0.9420419998595323
0.33217993079584773,0.7097300317185697,0.9696712279859405
0.20093023255813955,0.5608204134366925,0.917592967745345
0.5847457627118644,0.6857788149239881,0.9647986023115617
0.7067137809187279,0.5772968197879859,0.931701370819997
0.9293478260869565,0.5071540093440122,0.7471150680722495
0.801255230125523,0.712706337328075,0.9380057008731034
1.163677130044843,0.3731823012519765,0.5236252541195209
1.163677130044843,0.3731823012519765,0.5236252541195209
0.9862778730703259,0.6519188604668507,0.9228883506933081
0.49065420560747663,0.586564802452653,0.9001988282791489
0.3333333333333333,0.6400790744357638,0.9142838230331954
0.4576271186440678,0.6605025458603613,0.961371048590754
0.9244186046511628,0.5275299432824663,0.7725195744782123
0.5964601769911504,0.6857724324466269,0.9760171322215827
0.548469387755102,0.7130576649264357,0.971091774325165
0.6041666666666666,0.5544744269876896,0.9081598551834575
0.6537102473498233,0.6224501002769554,0.8514521981377637
0.47114093959731546,0.6571387598233236,0.9721819123025874
0.47425897035881437,0.670347011248871,0.9543174836261091
0.22497522299306244,0.5686290347227376,0.9193457874656323
1.0072046109510087,0.5721749473310987,0.8456445870953099
0.9897959183673469,0.32106476611263063,0.49512082464935503
0.29596412556053814,0.7240755839410548,0.9663581910600847
0.17553191489361702,0.5808976287699692,0.8515665766354128
0.25175644028103045,0.7096454441479222,0.9762965349557737
0.5938803894297635,0.6150309596010592,0.9531098570505573
0.40709459459459457,0.6177491028372771,0.9534552889504316
0.5716612377850163,0.6055940681347848,0.9039523761700772
0.27586206896551724,0.7356968142226464,0.9761537243726748
0.5687022900763359,0.7259849377529587,0.9457718747914303
0.47597597597597596,0.6173657885014352,0.8867567668699761
1.1350710900473933,0.3327405040121105,0.47427467378389526
0.7230290456431535,0.3131224810539538,0.5172547742121858
0.48296122209165687,0.6100608701370365,0.8971218590297442
0.8083333333333333,0.34145189003436427,0.46184069575321823
0.670076726342711,0.47015628355557293,0.7535196256162645
0.670076726342711,0.47015628355557293,0.7535196256162645
0.5454545454545454,0.6663388991960421,0.9625252362830752
0.27586206896551724,0.6234913793103448,0.953303261522239
1.0827586206896551,0.2548271469360861,0.4335926405386255
1.10941475826972,0.7618238905618975,0.9717165476248079
0.37597911227154046,0.6603976283724978,0.9410096756274948
0.45422116527942924,0.5687491829098991,0.9054609876359672
0.5303210463733651,0.6191406770713916,0.9371956891524597
0.24855491329479767,0.6993735717166286,0.9782598067789089
0.4489337822671156,0.6150645342312009,0.9639034729001222
0.5142348754448398,0.6461568299080152,0.9301465048879277
0.5024311183144247,0.6816515919903801,0.9729051081818215
0.9316109422492401,0.6624354785126713,0.9253717386824684
0.2261251372118551,0.6948807988660706,0.9769739060076866
0.6123499142367067,0.6257765541894288,0.9157728207562095
0.3963893249607535,0.6049046427405692,0.884622990616817
0.8292682926829268,0.33354754503427386,0.4606847486548597
0.36235595390524966,0.5893662650493388,0.8922738123371041
0.703125,0.6793972439236111,0.9293384688455487
0.9945504087193461,0.2792001045127095,0.44938922824824984
0.2954091816367265,0.6543399687112262,0.9758344311588009
0.5436793422404933,0.6239506369519561,0.9727786275727331
0.5993091537132987,0.6484548038205592,0.9548214514740101
0.21630434782608696,0.7093128686912825,0.9767142760441345
0.3891156462585034,0.6213762428048142,0.9194541819768833
0.7634408602150538,0.5492074309657227,0.8025117102496957
0.3393574297188755,0.6246881015185001,0.9680092059838895
0.9459459459459459,0.47413661808125473,0.7165432706965025
0.721835883171071,0.688677273348501,0.9539537180020193
0.3712021136063408,0.6141328619715396,0.9599131469888017
0.3030035335689046,0.6914900740710217,0.9781429823107344
0.31735537190082647,0.7269843319559228,0.9692011936187306
1.1794871794871795,0.6378956330128205,0.8303302047890394
0.44753086419753085,0.694055981268625,0.9703306922590484
0.8388746803069054,0.6627159877736885,0.9234998505962567
1.0497737556561086,0.635922140739585,0.8874916214993178
0.7715846994535519,0.6417839285437855,0.9463359628939776
0.6,0.6510189913105796,0.9452846815969095
0.7807424593967517,0.4048267100595388,0.6106603360249828
0.8162878787878788,0.34594989190044295,0.5463002557948506
0.5509259259259259,0.5635223225092506,0.8969735751170559
0.42935982339955847,0.677484294931817,0.9864836390679227
0.42410714285714285,0.6699953007518797,0.9719227983468962
1.1652421652421652,0.37829394186362403,0.4946781620188826
0.4740740740740741,0.6039722222222222,0.8832454317109334
0.48255234297108673,0.6541511828151908,0.9323517322372284
0.3869346733668342,0.5807101887503897,0.8958442865932099
0.8953722334004024,0.5871295186851446,0.821614661600615
0.5099457504520796,0.6415522039680402,0.9167021720107936
0.44269340974212035,0.6622040782262776,0.9821822145354895
0.5826377295492488,0.6228886730989088,0.9206380067943765
0.4243119266055046,0.6185438879246219,0.962315919414414
0.5507745266781411,0.701769578313253,0.9421589653603691
0.554945054945055,0.700556250680013,0.9723732397024956
0.22017353579175705,0.6941965955355139,0.974221702357387
0.5533333333333333,0.6934437751004016,0.9504720226791071
0.5644820295983086,0.6190801403108693,0.9648877336151241
0.434654919236417,0.6489785490336151,0.9763303231584447
0.44113475177304967,0.5952954322592415,0.9435277788821941
0.3511543134872418,0.5478311687765665,0.815708173045321
0.41922290388548056,0.6842984687515586,0.9759142416115976
0.5829042224510813,0.43055590935722526,0.6788745648148016
0.8067632850241546,0.6364244136525661,0.9360433783694347
0.42424242424242425,0.5639411608799364,0.8619497930196347
0.9219380888290714,0.4787358410861471,0.7171881737758528
0.3991477272727273,0.6585904642510514,0.9305340294691131
0.3991477272727273,0.6585904642510514,0.9305340294691131
0.43731778425655976,0.6337560738581147,0.8960698569951462
1.009049773755656,0.5014451681557986,0.7349362755302662
0.9293598233995585,0.6841589194234268,0.9005873786072708
0.663003663003663,0.6597707081132496,0.9536537652887727
0.34438775510204084,0.6556216931216932,0.9754455264609859
0.3665521191294387,0.6663516609392898,0.9697361189613543
0.3447015834348356,0.6251038335564231,0.9636887818407416
0.9836512261580381,0.5630467517567761,0.8490899726251928
1.0533807829181494,0.4505205828604405,0.7257646699947222
0.4974182444061962,0.6573888237080799,0.9533069057242547
0.27680311890838205,0.7163193586470088,0.9821473945736361
0.4050802139037433,0.5757686062723919,0.9145603442536208
0.5721476510067114,0.6421795351217304,0.9612379121647996
0.6425661914460286,0.40172470555578865,0.6549585200348363
0.6311188811188811,0.6323295817755652,0.925592358268205
0.5702576112412178,0.6137189887905208,0.921996178284129
0.8300561797752809,0.6413940854388867,0.9190022507414508
0.9233983286908078,0.6369082880634577,0.9284343942393523
0.5975395430579965,0.6742685826527448,0.9354948597410327
0.6383363471971067,0.6693569456326296,0.9569931849725165
0.529723991507431,0.6098672929723566,0.9099877947938209
0.5864297253634895,0.5917724758229972,0.8349733124018839
0.35512820512820514,0.604130797000833,0.9539674187112193
0.47687224669603523,0.47067381550701487,0.8239144082172386
0.46957878315132606,0.6765125090053437,0.9673037446549922
0.9392712550607287,0.31263306226441434,0.47421640025543715
0.7484375,0.6669249086638831,0.9628407811889255
0.7836812144212524,0.3707632861783314,0.5526472582335176
0.5672609400324149,0.6042463533225284,0.9189419494778058
0.3281045751633987,0.6796291956357576,0.9763833138179873
0.5621212121212121,0.5584926080209099,0.8403024419019061
0.8180327868852459,0.6106935181839088,0.9115646592096036
1.1482558139534884,0.460685899322932,0.7574736358081087
0.7171717171717171,0.5670871468993535,0.8819248970561121
0.37244897959183676,0.6142212592799677,0.888482622273146
1.1931407942238268,0.6507698105375839,0.9305707413076755
1.1931407942238268,0.6507698105375839,0.9305707413076755
0.36354581673306774,0.6664711018937947,0.9835851009419639
0.9827213822894169,0.619253316877507,0.8438773529982534
0.5022761760242792,0.5984302866652302,0.9193058812758376
0.758744394618834,0.37241940442493826,0.5543239857103184
0.4518167456556082,0.6202012837083927,0.9220169737182461
0.31521739130434784,0.7514784274529402,0.9699975137917364
0.5658119658119658,0.6733312675910863,0.9440269058945341
0.3778162911611785,0.7533072042993656,0.9707113185028864
0.6147672552166934,0.6405311618589408,0.9423299833528578
0.3517915309446254,0.590821503733194,0.9056717659991986
0.6319148936170212,0.39003062540296585,0.6587769622041361
0.4658119658119658,0.5939778875558692,0.8827128124453767
0.545662100456621,0.6368848035001242,0.9641831894369965
0.8971553610503282,0.6977744569568234,0.934375323835354
0.49279538904899134,0.6529800124711395,0.9662403326714402
0.5732860520094563,0.6073688186980576,0.9364025776391681
0.581081081081081,0.5666111848282391,0.8356837735222841
0.4932330827067669,0.6765564826700898,0.9770001555832883
0.9350877192982456,0.4277541884730588,0.688696518520285
0.8321678321678322,0.5904022448140095,0.886065483408665
0.28205128205128205,0.6980350378787878,0.9846385039238604
0.7873831775700935,0.3041638356582268,0.48173113612842833
1.0174603174603174,0.5175866082262338,0.7587223283984094
0.5666666666666667,0.6383823529411765,0.9184321137408672
0.44536082474226807,0.6638172966781214,0.9685243344498374
0.5915637860082305,0.6154821971730184,0.965304455924817
0.40522875816993464,0.5494180898165718,0.8249802927125776
0.3326271186440678,0.7365391881679801,0.9704493932524336
0.7965738758029979,0.750826022886878,0.9500662820848993
0.8448275862068966,0.566469882972346,0.8885425183973835
0.8125,0.5746914070777707,0.8998434297524945
0.42857142857142855,0.6514568633877896,0.9244911948556414
0.5178268251273345,0.7276990731720894,0.9794192898268957
0.5436554132712457,0.6208927765715325,0.9566319525127274
0.8272,0.6193702127659575,0.9270656247249617
0.44456521739130433,0.6272828744551929,0.8977510012665594
0.3537037037037037,0.6281704479348459,0.9566626553167613
0.510236220472441,0.6346067852629532,0.9412629810794346
0.510236220472441,0.6346067852629532,0.9412629810794346
0.3642213642213642,0.5914771409471056,0.8925891230273519
0.58,0.539225202213708,0.7795187396147455
0.7016248153618907,0.7031159138614631,0.9649225004694355
0.5799648506151143,0.6961202535016243,0.9678889571778714
0.41143654114365413,0.6158381202278799,0.937735767558384
0.48734873487348734,0.6259427297131519,0.9314922190563827
0.3060747663551402,0.4019784012270814,0.6322520241672774
0.4490106544901065,0.6363026597528572,0.9631492422497042
0.9380530973451328,0.5115361959889427,0.7514568134239757
0.6966442953020134,0.7135534261809624,0.9673131806101913
1.0056179775280898,0.5039339573786956,0.7469988645334629
0.3946037099494098,0.6203967945114657,0.9363494471908157
0.9042253521126761,0.5419551577377035,0.7478558865110816
0.49731663685152055,0.7124908302338451,0.9607908643625098
0.5232744783306581,0.6425149435248009,0.9132380625791687
0.717,0.3715676429567643,0.5882921874309941
0.8005464480874317,0.6604561815774259,0.9281747682872092
0.5862068965517241,0.7183425094175602,0.9769389377977635
0.30158730158730157,0.584522530816838,0.9768356269766647
0.8073993471164309,0.3103821979240297,0.5113733695593083
0.4242957746478873,0.6369988603822103,0.945496833795975
0.7755344418052257,0.6428952068472571,0.9558577572744518
0.7574123989218329,0.6874466431976671,0.941011955173025
0.4812889812889813,0.6070113559314423,0.9460966054928692
0.5301204819277109,0.7038152610441767,0.9469289179066293
0.6677115987460815,0.6540189412336086,0.9511615649489115
0.6677115987460815,0.6540189412336086,0.9511615649489115
1.0632911392405062,0.7878270042194093,0.9708775005385489
0.2641509433962264,0.7631110445575854,0.9830564784053156
1.0135542168674698,0.24716026065629532,0.4299567119789477
0.4484536082474227,0.7003865979381443,0.9808739485339114
0.2697160883280757,0.6462541738151899,0.9687512962681305
0.40575916230366493,0.5856379834487417,0.9018074835018367
0.5379310344827586,0.7212367374005305,0.9779627742476921
0.6654343807763401,0.6703583898131034,0.9517557608053828
0.6654343807763401,0.6703583898131034,0.9517557608053828
0.7200772200772201,0.675724843955407,0.9471952582016571
0.9659574468085106,0.6111350642047052,0.8208633908675455
0.48488830486202367,0.6135754195912524,0.9568548286327552
0.7939481268011528,0.3396444504882399,0.5753089099393808
0.41606425702811245,0.6154044750430293,0.8935962543215686
0.6127320954907162,0.626871691526864,0.9507926555812445
0.2920168067226891,0.6689665074662958,0.9778845622756145
0.6325301204819277,0.4913144642060305,0.7420663957944195
0.5555555555555556,0.6459543080616816,0.9257346368318742
0.49673202614379086,0.6776745786033712,0.9741172834736923
0.49673202614379086,0.6776745786033712,0.9741172834736923
0.10756676557863501,0.6640514683311164,0.9549193293261626
1.1614077669902914,0.3186383419058344,0.5326081196517787
0.35405105438401774,0.6439692574255703,0.9768286278990603
0.46423927178153446,0.4740413720754882,0.7336708346957413
0.99,0.52509898989899,0.8078646866122545
0.5575364667747164,0.5593574497757341,0.8266173250385555
0.3994252873563218,0.5779927781912401,0.9089063634426235
0.6476868327402135,0.6360916663407766,0.9199650746405834
0.8358008075370121,0.5236918702305794,0.8423935211493475
0.5660377358490566,0.6553874941525027,0.9642709655710374
0.38516746411483255,0.6496181164373384,0.9542602071441824
0.3382157123834887,0.6839253698480766,0.9721242152716976
0.5323383084577115,0.6742998403620527,0.9693097763122717
0.40084985835694054,0.6546436901270283,0.9667575797891999
0.31414868105515587,0.6375235689311146,0.952115371471533
0.31414868105515587,0.6375235689311146,0.952115371471533
0.4288354898336414,0.5756909697877494,0.8729260325854693
0.7525676937441643,0.30324909119975535,0.500884005809181
0.25415676959619954,0.7217877994095057,0.9818216818718837
0.5167785234899329,0.5737238153345536,0.8088115831222822
0.4867109634551495,0.7396760513872983,0.9838066296676118
0.746588693957115,0.6633584250734175,0.939453350247953
0.4749262536873156,0.6057893145715385,0.9214313334099721
0.5708661417322834,0.7113901710562042,0.9497580338208906
0.4108527131782946,0.6316425332748281,0.9813436227457825
0.6483050847457628,0.5098212307521879,0.8124558654779769
0.7707006369426752,0.5680699584144865,0.8649994489364473
0.37323177366702937,0.6399750013482776,0.97742623189108
0.44012282497441146,0.6045261955202209,0.9245856579869486
0.698961937716263,0.5582668128404535,0.822377198875841
0.4458689458689459,0.5939169693163303,0.8779121004796598
0.5167224080267558,0.7063783268933121,0.9800389684985865
0.6960600375234521,0.6602433461614318,0.9493679170166119
0.41208791208791207,0.6260622710622711,0.956756605463502
0.3197969543147208,0.6566654580613972,0.9651818625927078
0.29473684210526313,0.6391278195488722,0.9559926673189604
0.6219839142091153,0.5356614588148285,0.7875297315664288
0.38311688311688313,0.5744441998679287,0.914333563402833
1.1025943396226414,0.33708757945716883,0.4882990559953521
0.6799307958477508,0.5748545039928858,0.8189946061214249
1.1217798594847774,0.6373030268954154,0.8496445949425258
0.3104693140794224,0.6070882191065216,0.9444367852789226
0.39724454649827784,0.5672902716298455,0.8992273341713961
0.2834331337325349,0.6680266228107166,0.9763662651097454
0.4572127139364303,0.5672404325144149,0.9306155500320418
0.631578947368421,0.6295560329394916,0.9126534086632911
0.3815789473684211,0.7073376688848558,0.9792880823590996
0.4876325088339223,0.7091239053618067,0.9662904196578885
0.31529850746268656,0.6925450410668551,0.9725596285472882
0.41843971631205673,0.6350184817886765,0.9166960397811387
0.46774193548387094,0.6013982478235689,0.9513487966261907
1.1530139103554868,0.4103772412164206,0.5372796072261704
0.37775061124694376,0.597447401112509,0.9171307627370837
0.6920152091254753,0.6821882964943802,0.9649772819622474
0.55810147299509,0.6265268705213798,0.9046351833179139
0.7844311377245509,0.6629260562843778,0.9200878318365736
0.42586750788643535,0.6209684250496553,0.8939501293021886
0.3586654309545876,0.6296180548071835,0.9557012410122938
0.09532483302975106,0.5014792384532386,0.960266592613163
0.4262589928057554,0.6243094132289105,0.9282067483174338
0.4578177727784027,0.5877652885526902,0.8966348839611524
0.6419889502762431,0.3822671903081941,0.5826003655056572
0.7737430167597765,0.4766099267894238,0.7598999951766162
0.6814701378254211,0.67869126073266,0.9551339950552471
0.3949843260188088,0.6388142508832164,0.9546764328605157
0.5415986949429038,0.6423696416989327,0.9586883827346993
0.5523952095808383,0.6356332051344465,0.9408933407798415
0.6051136363636364,0.6867264191207854,0.9661125079746313
0.4014251781472684,0.5805914348761051,0.9533134094134752
0.5618374558303887,0.6372230370913616,0.9456874409937376
1.1542390194075587,0.3683644137507118,0.5283204897501984
0.5423976608187134,0.625502435333617,0.9394864874462872
0.33475783475783477,0.6354852397405589,0.9781165592942812
0.41855670103092785,0.6481133512772332,0.9298157417324211
1.1463046757164403,0.2368232515678336,0.4086535004058094
0.42355889724310775,0.6800729634737732,0.9641933516957171
0.385752688172043,0.610231445056386,0.9103812308519966
0.385752688172043,0.610231445056386,0.9103812308519966
0.35798816568047337,0.6555638417526529,0.9180952380952381
0.35798816568047337,0.6555638417526529,0.9180952380952381
0.517948717948718,0.6559215536938309,0.9630337141472688
0.5089179548156956,0.5894365297209597,0.9043061487183421
0.5446623093681917,0.6275261437908497,0.9684859468674241
0.4017094017094017,0.5854801883170677,0.9047260351496181
0.5044345898004434,0.6379949318973709,0.9452621280712775
0.3665024630541872,0.663724243868849,0.9755764297364948
0.5110759493670886,0.6393948152212251,0.9167810973404087
0.31124260355029587,0.5862240421175783,0.95182760661343
0.42660178426601786,0.6436517628338561,0.9132096893806646
0.8420038535645472,0.5743596866002654,0.8959859411647374
1.1418918918918919,0.3393704355242817,0.4605632019677705
0.5023474178403756,0.6357967813805645,0.9415221566051085
0.8319604612850082,0.42328282251618904,0.6604381508892305
0.4751552795031056,0.6217624731051841,0.955592297673548
0.7751004016064257,0.679149239444826,0.9505265878635422
0.381294964028777,0.5909121759196416,0.8422656476734062
0.7621225983531564,0.4986693671064034,0.6665634084035588
0.6473594548551959,0.5843719178696315,0.917179435760499
0.310828025477707,0.6807298736556333,0.9753337148285702
0.8153988868274582,0.3352107830411097,0.5686121469144002
0.4,0.689172912557528,0.9856306546035125
0.5263157894736842,0.6331815205943468,0.9214782226861863
0.5263157894736842,0.6331815205943468,0.9214782226861863
0.3229166666666667,0.5586987567204301,0.9785551386743176
0.5560859188544153,0.6516332571931945,0.9706461807230984
0.5335195530726257,0.6680803767293574,0.9619997262379835
0.6502732240437158,0.6652456975504227,0.9600646505702947
1.0684039087947883,0.2697116954882904,0.4317174469979097
0.432712215320911,0.5010351966873706,0.8537632139767476
0.35728952772073924,0.5682161485992117,0.8880517528368614
0.4954682779456193,0.6845571439098077,0.9323339396600389
0.8299559471365638,0.39462947894160894,0.5305997205688725
0.42650103519668736,0.6745210959014252,0.9700725601295097
0.6212121212121212,0.4909386548410939,0.8204342778093426
0.4310099573257468,0.6119459741137698,0.9510121147343039
0.6170212765957447,0.6658463764571615,0.9598539877931445
0.5200892857142857,0.5828671060698958,0.9048129813492558
0.6371681415929203,0.5404793510324484,0.8069905635100366
0.6294326241134752,0.6527569673359305,0.9635858265626612
0.32427184466019415,0.6575010173827103,0.9787498728929986
0.3197604790419162,0.46363677140101817,0.6292031896761626
0.6528925619834711,0.5629752066115703,0.8377409010243159
0.6528925619834711,0.5629752066115703,0.8377409010243159
0.28545454545454546,0.6545700636942675,0.9783569172183998
0.36678200692041524,0.5640609925065105,0.9144659857345305
0.4367816091954023,0.6062093463924845,0.9333904274359616
0.6365280289330922,0.6693603074141049,0.9570135331166566
0.45368171021377673,0.6863799728892813,0.9828949477320891
0.2824956672443674,0.7044263218891877,0.9660965046589964
0.5833333333333334,0.6509530404959768,0.9415005246589717
0.41144901610017887,0.5687018744652719,0.901633886182872
0.5714285714285714,0.6035908649173956,0.9182996067144392
0.41260744985673353,0.6215899594078319,0.9336424192385429
0.7863247863247863,0.5717205499814195,0.8747068438632649
0.49421965317919075,0.5465808065442991,0.9164597318408049
0.49421965317919075,0.5465808065442991,0.9164597318408049
0.48465266558966075,0.7022455573505654,0.9833391772516995
0.7686062246278755,0.309850816672702,0.4635060753417213
0.8819226750261233,0.3470449716976927,0.524791346056637
0.7483870967741936,0.34930092077617103,0.5808423537813949
0.5124792013311148,0.7054125159366424,0.9784787503887238
0.4834983498349835,0.735627231665146,0.9789140373229409
0.5328638497652582,0.49163409236623856,0.7482686980609419
0.8083916083916084,0.3394766133520459,0.541641732845853
0.4454828660436137,0.5876522231662419,0.8747218360241096
0.5521669341894061,0.6093335884131547,0.9210735130750648
0.45592705167173253,0.6432218844984803,0.9261134046184593
0.3655913978494624,0.6441334598355472,0.9136801082240462
0.2675933970460469,0.6565719250341319,0.9725178879197786
0.492845786963434,0.5719806143904815,0.8872823172817604
0.6778169014084507,0.5969110115236875,0.9284654970677042
0.5958188153310104,0.6652123194164272,0.9502313972610714
0.7524663677130045,0.32669096778676304,0.4837494182935979
0.3945945945945946,0.4334829692706405,0.5807941763706487
1.1862745098039216,0.6499781730874168,0.9381517851708917
0.7029360967184801,0.6682898159582097,0.9630430262707304
0.6171328671328671,0.6459889260880762,0.9248875227347664
0.8146067415730337,0.680690623789229,0.9424722386138082
0.589041095890411,0.6957978257406817,0.9291271590044236
0.7115689381933439,0.6852893734624222,0.9627983090140461
0.7830188679245284,0.6343966668561036,0.9400821362261286
0.5472560975609756,0.5501732454650452,0.8287657870582102
0.3254901960784314,0.8045653201039452,0.9825812873258128
0.42735042735042733,0.5845504273504274,0.9137944856261792
0.520066889632107,0.7015614750131736,0.9751968518650009
0.5679012345679012,0.6326398414875781,0.9187118224882536
1.1838790931989924,0.24911771799131785,0.42960341776071054
0.3265856950067476,0.6317490324667359,0.9300377231473994
0.4623406720741599,0.6025942608549183,0.9289817244065581
0.7858585858585858,0.6791020747318948,0.9364300727219343
1.0657596371882085,0.6296593814830896,0.8681187473392933
0.7823408624229979,0.5976760605129697,0.8882383330463234
0.38920454545454547,0.6774712798606503,0.9771383067018596
1.1597938144329898,0.3520962199312715,0.4711508616230011
1.1597938144329898,0.3520962199312715,0.4711508616230011
1.1070496083550914,0.353539583230701,0.4818059751594495
0.37814207650273224,0.6040888846773429,0.9213908896008479
0.6238185255198487,0.6996534341524889,0.9278784793971071
0.40222575516693165,0.6350503025694841,0.957229660290503
0.47470101195952163,0.47078047110673715,0.8356551514614479
0.4464751958224543,0.6855847189776006,0.9784271425769758
0.5904017857142857,0.6615624156089657,0.977214329900602
0.39012345679012345,0.6119914569984893,0.9027404786328727
0.6031746031746031,0.7386347813979393,0.9809159129081467
0.5355648535564853,0.6785597541841004,0.9440402019191414
0.47096774193548385,0.5800830755634114,0.9202284714452754
0.3597938144329897,0.6624243050837444,0.972210239724617
0.7228915662650602,0.49056844662601023,0.6402434980110231
0.5370370370370371,0.5735527418582376,0.9171389938135448
0.2440944881889764,0.6745320429416369,0.9793998329105921
0.45614035087719296,0.6095692690990107,0.9213535018874073
1.1227621483375958,0.7602083321196162,0.9795441920518865
0.20157756354075373,0.496319018404908,0.9199382700789988
0.7762237762237763,0.5865542115542115,0.8905827773393596
0.5252525252525253,0.7040652248985583,0.986709820365168
0.21359223300970873,0.7100481623135345,0.979736434574732
0.7810526315789473,0.32857142857142857,0.5697950327138269
0.7329376854599406,0.6985562656927642,0.9652557161858479
0.7178082191780822,0.3399364739098609,0.5032645968309996
0.3769123783031989,0.6696287894728739,0.9794172731264802
0.5778894472361809,0.6587235695385139,0.9545129960355848
0.34115523465703973,0.7068983630355472,0.9623593350799295
0.9130434782608695,0.6371149400669124,0.9189144085685526
0.3736979166666667,0.5924706010452961,0.9596349286832301
0.23847019122609675,0.6898598170511705,0.9809234599569957
0.4190031152647975,0.6127720066242806,0.8889864288744492
0.6772388059701493,0.670120472020065,0.8700735382438907
0.37628865979381443,0.6152478463493857,0.9504317397431814
0.12728719172633254,0.6468401949085123,0.8959384308121416
0.43833580980683506,0.6295665751630695,0.9729727625853358
0.4886561954624782,0.656616180503615,0.9269630789807124
0.39849624060150374,0.6844055894453114,0.9769402116134258
0.411214953271028,0.5649307301510239,0.8827304530999706
0.7491961414790996,0.44802002401225455,0.699280308231626
0.4536082474226804,0.722717900656045,0.9808819975323403
0.9258114374034003,0.6631983238421584,0.9315570198091033
0.6068376068376068,0.6088874175728636,0.9362648437279063
0.563971340839304,0.6265485476299721,0.944326698826619
0.5804195804195804,0.6413977588676384,0.9458741671455418
0.2585034013605442,0.6492123165055496,0.9786656671664168
0.6432748538011696,0.37376174020910863,0.5730696557572107
0.5264797507788161,0.6223547899500451,0.9132612003381234
0.4143222506393862,0.5143605348741751,0.8089465337070108
0.37379162191192267,0.681778337469289,0.9809113779023165
0.9364406779661016,0.625280408773679,0.8396611707759795
0.25229357798165136,0.6413782318598832,0.9750998541811957
1.169767441860465,0.5362476304960933,0.7110889037392173
0.43597122302158275,0.5961013367523803,0.8921629247421874
0.38984674329501917,0.6160498272567239,0.9162712712800309
0.3280141843971631,0.7231311098332375,0.9512232020726041
0.8471849865951743,0.6653926426171649,0.9332726450568803
0.43699731903485256,0.6122816347491096,0.9095067459347939
0.8002610966057441,0.4699887979759689,0.6541413111459559
0.793006993006993,0.6441940775274109,0.9301545749189728
0.48717948717948717,0.6439037153322867,0.9670591033416578
0.43613138686131386,0.6333796536664326,0.9234562678807984
0.5304212168486739,0.6697875562081307,0.9539878703909446
0.752906976744186,0.3469304021629603,0.5522341691554732
0.29583975346687214,0.7354022213662044,0.9527408832168014
0.710455764075067,0.5238100055642673,0.8474185127294451
0.8672055427251733,0.5598063244388545,0.8608187825840239
0.9511677282377919,0.6174291969972703,0.9040395804637381
0.4861111111111111,0.6058392857142857,0.9059117772714327
0.6114732724902217,0.5166447516561354,0.7736729158904572
0.9497716894977168,0.6209752956328298,0.9181978680699198
0.6506024096385542,0.5936580790281306,0.9157141000923594
0.7704081632653061,0.6051211875478668,0.8896165181971719
0.6507352941176471,0.6787008765370555,0.9717800397034878
0.6308243727598566,0.6638512137504073,0.9631410611533376
0.6308243727598566,0.6638512137504073,0.9631410611533376
1.1433506044905009,0.33956347280705873,0.5999691151015629
1.1677503250975292,0.36562321703192474,0.584815917171413
0.3513986013986014,0.7323870159691055,0.9693272014596775
0.3513986013986014,0.7323870159691055,0.9693272014596775
1.0320781032078103,0.5115863771721513,0.7626094835397161
0.3816717019133938,0.6354693939369783,0.9706244039043
0.6926994906621392,0.5425967076134358,0.7930187227650213
0.8067092651757188,0.6503020909119666,0.9403875359083673
0.7913165266106442,0.322286259636598,0.5041139179155115
1.15,0.31319927536231884,0.5019394023853488
0.6336134453781512,0.5808216124646145,0.9131636954929508
0.6117824773413897,0.5479075752489649,0.834056771695344
0.5914742451154529,0.6959099419134943,0.9417388479861412
0.24835988753514526,0.4601616240207954,0.8610368468420774
1.117359413202934,0.697912932754811,0.9207688072617417
0.8295880149812734,0.5508133174389801,0.8915295405562588
0.5112582781456954,0.6301736265998696,0.9193952516238846
0.512539184952978,0.603635213252423,0.928463472356363
0.3563025210084034,0.6197399714602823,0.8760022187484242
0.49280575539568344,0.6467074515570026,0.9454723427123719
0.7613882863340564,0.6747470814715935,0.9320877779342903
1.1417910447761195,0.3332953966550689,0.4400722732070341
0.34318901795142553,0.6663260498740964,0.9714825069813381
0.6666666666666666,0.6812305056576281,0.9587250029037284
0.38860103626943004,0.5624114853195165,0.8254404309252218
0.7657004830917874,0.3127895502826925,0.5638748139155937
0.6720183486238532,0.46442605755080313,0.7885628842000332
0.6261510128913443,0.5546744664716715,0.855112521397854
0.7411764705882353,0.6761334163294948,0.9563166274147279
0.33520900321543406,0.49641155243008167,0.8520950594121326
0.49592391304347827,0.6115544967242407,0.965695610260751
0.31683168316831684,0.6509707611386139,0.9815931242117848
0.6550522648083623,0.6042261286974572,0.9281898708499561
0.6387665198237885,0.494782014279204,0.7608696921738216
0.6523076923076923,0.7045355587808418,0.9580031773911842
0.45034013605442175,0.5658034815134513,0.8767416013018818
0.7986270022883295,0.6475021801420207,0.9256976537087899
0.3782051282051282,0.5667774880486744,0.9428501198303939
0.35537190082644626,0.6427139758459601,0.9179077095441496
0.5201238390092879,0.6740103936311367,0.9437484679198545
0.5429553264604811,0.710701313671756,0.9856124330295707
0.38063806380638066,0.45597970201644444,0.8141632107365177
0.22397476340694006,0.6425951432393873,0.9664835164835165
0.4161849710982659,0.6913178833939913,0.9765561995967742
0.5231958762886598,0.6915151592097912,0.9673217124133093
0.5266030013642565,0.6727003795884611,0.985509835293143
1.1662870159453302,0.5203098305808656,0.7188677505608999
0.6117021276595744,0.6307845744680851,0.9438310627999472
0.6117021276595744,0.6307845744680851,0.9438310627999472
0.5118012422360249,0.6622324066815414,0.9251278897610268
0.4656652360515021,0.7175589881529242,0.977107768546074
0.4656652360515021,0.7175589881529242,0.977107768546074
0.6973684210526315,0.3975046893964471,0.5880235367087782
0.13595413595413594,0.6409100776570656,0.9696461894453983
0.4984567901234568,0.6237123991896953,0.9200537039516805
