height,hull_area,object_area,rectangle_area,width
423.0,148377.5,130411.0,204309.0,483.0
608.0,85789.5,82876.0,112480.0,185.0
626.0,148978.5,130542.5,239758.0,383.0
539.0,124013.5,116597.5,174636.0,324.0
413.0,142267.5,130622.5,187502.0,454.0
413.0,142267.5,130622.5,187502.0,454.0
701.0,148408.5,130453.5,218011.0,311.0
762.0,197905.5,195445.5,295656.0,388.0
569.0,205058.5,153066.5,267999.0,471.0
796.0,163021.5,149875.5,241984.0,304.0
892.0,413274.5,244108.5,644916.0,723.0
1214.0,399584.0,349276.0,568152.0,468.0
358.0,71827.5,66915.5,103820.0,290.0
667.0,120094.0,110700.0,170752.0,256.0
1035.0,141026.5,130029.0,215280.0,208.0
435.0,148599.5,130553.5,194445.0,447.0
661.0,134989.0,122458.0,204249.0,309.0
742.0,211383.0,200678.5,299026.0,403.0
457.0,148637.0,130462.5,205193.0,449.0
692.0,139542.0,130443.5,211752.0,306.0
670.0,154824.5,130390.5,228470.0,341.0
266.0,28358.5,26684.0,38570.0,145.0
730.0,146374.0,83817.0,213160.0,292.0
730.0,146374.0,83817.0,213160.0,292.0
669.0,177197.5,169940.0,260910.0,390.0
657.0,124357.5,120270.5,196443.0,299.0
389.0,131485.5,57633.0,170771.0,439.0
705.0,302167.5,258359.5,446265.0,633.0
493.0,100102.5,79195.0,146421.0,297.0
597.0,140617.0,130655.5,222084.0,372.0
642.0,140017.5,130630.0,207366.0,323.0
642.0,140017.5,130630.0,207366.0,323.0
643.0,127058.0,124320.0,186470.0,290.0
871.0,242075.0,223026.0,388466.0,446.0
453.0,60887.0,58410.0,91959.0,203.0
453.0,60887.0,58410.0,91959.0,203.0
1480.0,136173.5,129991.5,193880.0,131.0
680.0,245021.5,168554.0,333200.0,490.0
471.0,95057.5,74999.0,146952.0,312.0
490.0,75542.5,73863.5,102900.0,210.0
624.0,176448.0,168940.0,252720.0,405.0
938.0,277598.5,267698.5,428666.0,457.0
532.0,77859.5,75793.0,111720.0,210.0
538.0,138183.0,130499.5,193680.0,360.0
702.0,199962.5,191227.0,301860.0,430.0
513.0,135539.0,119909.0,201609.0,393.0
504.0,143435.0,130607.5,217224.0,431.0
885.0,609150.5,507760.0,825705.0,933.0
424.0,60815.5,59342.5,84800.0,200.0
403.0,140713.0,130472.5,186186.0,462.0
460.0,69012.5,67388.5,96140.0,209.0
909.0,243674.5,221384.0,368145.0,405.0
863.0,530884.5,199065.5,860411.0,997.0
704.0,92255.0,89597.5,146432.0,208.0
674.0,213573.0,204820.0,312062.0,463.0
751.0,131534.0,81308.5,180991.0,241.0
489.0,47692.5,46740.0,67971.0,139.0
389.0,134137.5,130762.5,171549.0,441.0
541.0,82333.5,74026.0,116856.0,216.0
528.0,135409.5,130500.5,190608.0,361.0
576.0,140186.0,130312.5,198144.0,344.0
798.0,134738.5,130410.5,209076.0,262.0
649.0,148588.0,130266.5,218713.0,337.0
759.0,138974.0,130289.5,201894.0,266.0
861.0,173950.0,169236.0,256578.0,298.0
581.0,144421.5,130633.0,212646.0,366.0
772.0,145572.5,130273.5,203808.0,264.0
485.0,202897.5,143182.5,276935.0,571.0
203.0,17959.0,16582.5,25375.0,125.0
1172.0,297848.5,239498.5,472316.0,403.0
541.0,134259.5,130736.5,196924.0,364.0
955.0,378075.5,247983.0,634120.0,664.0
855.0,140400.5,130515.5,217170.0,254.0
767.0,105406.0,83890.0,145730.0,190.0
545.0,138217.0,130692.0,195110.0,358.0
846.0,160996.5,151155.0,214038.0,253.0
1468.0,133545.5,130034.5,243688.0,166.0
456.0,183494.5,100779.5,247152.0,542.0
714.0,439422.0,229402.5,591906.0,829.0
940.0,316530.5,282820.0,499140.0,531.0
954.0,218508.0,195916.5,337716.0,354.0
561.0,119963.0,115939.5,164934.0,294.0
279.0,25318.5,24370.5,36549.0,131.0
655.0,139064.0,130483.5,197155.0,301.0
689.0,362390.5,310407.5,491257.0,713.0
1219.0,386900.0,342477.5,659479.0,541.0
290.0,31867.0,29890.0,44660.0,154.0
387.0,134633.0,130822.0,167958.0,434.0
694.0,154729.0,139864.5,224856.0,324.0
626.0,137283.0,130613.0,204076.0,326.0
877.0,239772.5,212416.5,377987.0,431.0
338.0,35641.5,33903.5,52728.0,156.0
644.0,149195.0,130376.5,220248.0,342.0
413.0,143068.5,64672.0,191219.0,463.0
687.0,378896.5,324771.5,511815.0,745.0
430.0,106594.0,100841.5,151360.0,352.0
1094.0,280078.5,255788.5,398216.0,364.0
832.0,539343.0,483701.5,668928.0,804.0
626.0,214465.0,199474.0,310496.0,496.0
626.0,214465.0,199474.0,310496.0,496.0
601.0,135957.5,130695.5,192921.0,321.0
771.0,377144.5,322859.0,570540.0,740.0
716.0,107495.0,105047.0,151076.0,211.0
545.0,158740.0,130340.5,232170.0,426.0
734.0,284562.0,246355.5,453612.0,618.0
363.0,56795.0,55515.0,78408.0,216.0
626.0,244967.5,220671.5,348056.0,556.0
626.0,244967.5,220671.5,348056.0,556.0
995.0,432446.0,243921.5,691525.0,695.0
584.0,271989.0,121335.0,369672.0,633.0
833.0,398172.0,146638.0,701386.0,842.0
1131.0,251099.0,211793.0,434304.0,384.0
738.0,136969.0,130473.5,217710.0,295.0
570.0,134053.5,130544.0,198930.0,349.0
520.0,139596.0,130453.0,187200.0,360.0
540.0,157922.0,130500.5,210060.0,389.0
407.0,140460.0,130566.5,188848.0,464.0
401.0,127304.5,57855.5,166816.0,416.0
834.0,140368.5,130404.5,210168.0,252.0
834.0,140368.5,130404.5,210168.0,252.0
314.0,47267.5,42307.5,72534.0,231.0
901.0,587024.5,502772.0,833425.0,925.0
761.0,288800.5,130032.5,444424.0,584.0
1206.0,874637.5,422977.5,1199970.0,995.0
983.0,223115.5,205140.0,325373.0,331.0
487.0,141713.0,130400.5,194313.0,399.0
879.0,133441.0,130320.0,183711.0,209.0
468.0,129358.0,119703.5,178776.0,382.0
630.0,142357.5,130608.0,195300.0,310.0
716.0,277146.0,117963.0,519100.0,725.0
553.0,78322.5,70869.0,116130.0,210.0
906.0,132309.0,130066.5,194790.0,215.0
906.0,132309.0,130066.5,194790.0,215.0
660.0,145085.5,130356.0,218460.0,331.0
620.0,133840.5,130660.0,182900.0,295.0
730.0,197255.0,182624.0,287620.0,394.0
599.0,165969.0,148877.5,233610.0,390.0
573.0,91783.5,82326.0,144969.0,253.0
770.0,191669.0,178629.0,267960.0,348.0
559.0,142501.5,130376.5,207948.0,372.0
759.0,106451.5,102467.0,157872.0,208.0
580.0,153974.0,144768.0,208220.0,359.0
863.0,137679.0,130446.5,221791.0,257.0
694.0,158327.0,130151.0,241512.0,348.0
998.0,240157.5,217431.5,368262.0,369.0
729.0,294935.5,129907.5,391473.0,537.0
385.0,134702.5,130583.5,170940.0,444.0
699.0,327007.5,265636.0,520056.0,744.0
959.0,267066.0,262331.0,372092.0,388.0
676.0,223261.5,130108.5,375180.0,555.0
597.0,144550.5,130571.0,226263.0,379.0
567.0,132575.0,130496.5,178605.0,315.0
591.0,141756.5,130481.5,199758.0,338.0
591.0,141756.5,130481.5,199758.0,338.0
615.0,148597.5,139318.0,213405.0,347.0
698.0,200250.0,184298.0,307818.0,441.0
723.0,281547.0,130007.5,391866.0,542.0
866.0,245067.5,221850.0,387102.0,447.0
371.0,113458.0,55146.0,153594.0,414.0
456.0,178686.5,125416.0,242136.0,531.0
674.0,128111.0,116127.5,183328.0,272.0
755.0,134149.0,130636.0,192525.0,255.0
582.0,245345.0,129887.5,389358.0,669.0
460.0,172987.5,125715.0,233220.0,507.0
768.0,162090.5,130177.5,249600.0,325.0
447.0,163303.0,113125.0,222606.0,498.0
625.0,271997.5,137448.5,381250.0,610.0
798.0,134851.5,130553.0,201894.0,253.0
610.0,141385.5,130398.5,204350.0,335.0
783.0,132042.5,130298.5,185571.0,237.0
783.0,132042.5,130298.5,185571.0,237.0
523.0,187719.5,132935.5,281374.0,538.0
849.0,136136.5,130405.0,201213.0,237.0
552.0,132935.0,126469.0,196512.0,356.0
887.0,303212.0,287515.0,448822.0,506.0
770.0,160092.5,146470.5,247170.0,321.0
643.0,294078.0,272398.0,405090.0,630.0
577.0,158005.0,130334.5,223876.0,388.0
619.0,100976.0,92787.0,146703.0,237.0
619.0,100976.0,92787.0,146703.0,237.0
576.0,135132.0,130259.0,199296.0,346.0
679.0,236928.5,229069.5,334068.0,492.0
630.0,204570.0,189619.0,305550.0,485.0
522.0,56427.0,55497.5,74646.0,143.0
615.0,137986.0,134318.5,212790.0,346.0
677.0,235474.0,227924.0,323606.0,478.0
816.0,250718.5,212506.0,380256.0,466.0
438.0,111130.5,99587.0,171696.0,392.0
561.0,250591.5,129812.5,366333.0,653.0
561.0,250591.5,129812.5,366333.0,653.0
693.0,121185.0,117550.0,187110.0,270.0
383.0,121694.5,88174.5,165839.0,433.0
424.0,77025.5,57234.0,128472.0,303.0
1024.0,339898.5,255528.5,525312.0,513.0
592.0,135687.0,130704.0,198320.0,335.0
1574.0,135486.5,129401.0,193602.0,123.0
1574.0,135486.5,129401.0,193602.0,123.0
649.0,201671.5,192209.0,288156.0,444.0
1286.0,135797.5,130007.5,203188.0,158.0
770.0,177639.5,172108.5,267960.0,348.0
613.0,142279.5,130306.5,220680.0,360.0
760.0,145214.5,130485.0,221920.0,292.0
378.0,127534.5,54703.0,164808.0,436.0
482.0,114474.5,105352.0,154240.0,320.0
928.0,219411.5,203321.0,344288.0,371.0
484.0,116244.5,109116.0,163108.0,337.0
541.0,106683.5,99855.5,157431.0,291.0
602.0,83519.5,79820.5,113176.0,188.0
579.0,135967.0,130374.0,199755.0,345.0
387.0,133889.5,130821.5,167958.0,434.0
408.0,141433.0,130620.0,197472.0,484.0
723.0,473418.5,384882.5,592860.0,820.0
1033.0,304433.5,301821.0,439025.0,425.0
869.0,296950.5,288460.5,440583.0,507.0
639.0,134497.5,130514.5,186588.0,292.0
471.0,92313.0,63477.0,159198.0,338.0
702.0,175631.0,170088.5,259740.0,370.0
597.0,172599.0,129946.5,247158.0,414.0
1014.0,532873.0,284252.5,747318.0,737.0
840.0,167288.0,130014.5,272160.0,324.0
1010.0,548475.0,519912.0,790830.0,783.0
887.0,266028.0,246954.5,389393.0,439.0
568.0,201635.0,150409.0,274912.0,484.0
538.0,134882.0,130547.0,193142.0,359.0
797.0,143799.5,130421.0,227942.0,286.0
1067.0,156827.0,129983.5,331837.0,311.0
580.0,141296.0,130406.5,213440.0,368.0
939.0,221309.5,204452.5,317382.0,338.0
646.0,129221.0,117599.5,198322.0,307.0
998.0,219840.5,213100.5,322354.0,323.0
390.0,59644.5,57190.0,81900.0,210.0
441.0,153561.0,130631.0,207711.0,471.0
804.0,136274.5,130374.0,221904.0,276.0
873.0,328104.0,306974.0,489753.0,561.0
485.0,196377.0,130585.0,254140.0,524.0
683.0,181216.5,171421.0,273883.0,401.0
516.0,146622.5,130318.5,227040.0,440.0
654.0,325398.0,243556.5,451914.0,691.0
690.0,261107.0,244303.0,385020.0,558.0
725.0,171057.0,130082.0,262450.0,362.0
725.0,135432.5,130354.5,212425.0,293.0
403.0,133763.0,130763.0,171678.0,426.0
546.0,132079.5,123787.0,178542.0,327.0
546.0,132079.5,123787.0,178542.0,327.0
485.0,99278.0,77709.5,154230.0,318.0
292.0,26709.5,24098.5,41172.0,141.0
643.0,138673.5,130532.0,219906.0,342.0
553.0,112628.0,104127.0,163135.0,295.0
559.0,139970.5,130523.0,192855.0,345.0
719.0,149169.5,134687.0,217857.0,303.0
616.0,133276.5,130406.5,194040.0,315.0
1125.0,344996.5,339614.5,516375.0,459.0
514.0,201026.5,108156.5,274476.0,534.0
630.0,136274.0,129634.0,185220.0,294.0
866.0,132623.0,130010.5,194850.0,225.0
671.0,149318.0,145145.5,226798.0,338.0
671.0,149318.0,145145.5,226798.0,338.0
602.0,161937.0,158047.0,232372.0,386.0
602.0,161937.0,158047.0,232372.0,386.0
640.0,147274.0,130301.0,216960.0,339.0
598.0,207687.5,191779.0,289432.0,484.0
754.0,367337.5,169769.0,639392.0,848.0
915.0,203807.5,199652.0,300120.0,328.0
465.0,171988.0,162992.5,236220.0,508.0
683.0,139810.0,134211.0,215145.0,315.0
1140.0,369743.0,364177.5,544920.0,478.0
419.0,48554.0,46415.5,73744.0,176.0
431.0,158676.5,115184.5,212052.0,492.0
701.0,143802.0,138330.5,220114.0,314.0
550.0,58907.5,57041.5,78100.0,142.0
597.0,114612.5,110562.5,168354.0,282.0
699.0,291755.5,245038.0,434079.0,621.0
531.0,133923.0,130448.5,194346.0,366.0
764.0,116927.5,114405.0,198640.0,260.0
628.0,146866.0,130515.5,228592.0,364.0
556.0,136319.5,130536.0,194600.0,350.0
750.0,146230.0,130388.5,237750.0,317.0
750.0,146230.0,130388.5,237750.0,317.0
919.0,487541.0,322047.5,629515.0,685.0
710.0,142736.0,130271.0,231460.0,326.0
737.0,134995.5,130509.0,194568.0,264.0
529.0,161171.5,144720.0,234347.0,443.0
529.0,161171.5,144720.0,234347.0,443.0
390.0,61711.5,59709.5,83460.0,214.0
559.0,82116.5,80629.5,109005.0,195.0
892.0,279069.5,260466.0,424592.0,476.0
621.0,136372.0,130649.5,207414.0,334.0
440.0,90281.0,61851.0,144320.0,328.0
945.0,195302.0,125288.0,272160.0,288.0
673.0,240092.0,228562.5,340538.0,506.0
737.0,164733.5,161148.5,246895.0,335.0
260.0,33195.5,28385.5,50440.0,194.0
429.0,67954.0,56321.0,102102.0,238.0
562.0,139726.5,130677.5,220866.0,393.0
526.0,86782.0,84680.0,124662.0,237.0
581.0,139892.0,131643.5,194635.0,335.0
599.0,130990.5,125565.0,193477.0,323.0
897.0,278218.0,196667.5,433251.0,483.0
1020.0,383120.5,371423.5,591600.0,580.0
613.0,135447.5,130525.5,201677.0,329.0
606.0,140527.5,136207.5,209070.0,345.0
824.0,134707.0,130294.5,190344.0,231.0
495.0,117713.5,95434.0,166320.0,336.0
666.0,247605.5,231485.0,340326.0,511.0
496.0,101499.0,78448.5,168144.0,339.0
777.0,139427.5,130643.0,216783.0,279.0
900.0,196231.0,192132.0,284400.0,316.0
500.0,205777.5,190558.5,290000.0,580.0
393.0,34453.5,33578.5,47160.0,120.0
603.0,106430.5,103491.5,157383.0,261.0
716.0,259093.5,130241.5,423872.0,592.0
456.0,40994.5,40032.0,57000.0,125.0
672.0,151954.0,145701.5,235872.0,351.0
748.0,217211.5,203164.5,330616.0,442.0
647.0,135413.5,130603.0,196041.0,303.0
567.0,132770.5,130639.5,176337.0,311.0
451.0,150286.0,130401.5,205205.0,455.0
901.0,135748.5,130504.5,189210.0,210.0
901.0,135748.5,130504.5,189210.0,210.0
769.0,78927.5,75222.0,117657.0,153.0
316.0,32155.5,29772.0,45504.0,144.0
959.0,541194.0,349159.0,704865.0,735.0
662.0,197394.0,159480.5,307168.0,464.0
387.0,134252.0,65448.5,173376.0,448.0
982.0,241882.5,236623.5,354502.0,361.0
702.0,133872.0,130414.5,186030.0,265.0
702.0,133872.0,130414.5,186030.0,265.0
972.0,355410.5,341602.0,552096.0,568.0
890.0,429696.5,198428.5,800110.0,899.0
425.0,36975.0,36291.5,56100.0,132.0
918.0,514991.5,332026.5,697680.0,760.0
708.0,145290.5,132800.0,195408.0,276.0
977.0,328849.0,208084.0,513902.0,526.0
440.0,102902.0,94839.5,151360.0,344.0
625.0,163577.0,158695.5,246875.0,395.0
772.0,168990.0,155578.5,267884.0,347.0
340.0,37226.0,34741.5,53720.0,158.0
815.0,194099.5,188550.0,303180.0,372.0
284.0,35833.0,30265.5,55664.0,196.0
454.0,127651.0,122393.5,167980.0,370.0
918.0,272223.5,255222.0,418608.0,456.0
407.0,30973.5,30186.5,44770.0,110.0
467.0,39067.5,37945.0,59776.0,128.0
859.0,465512.5,236745.5,764510.0,890.0
540.0,75742.0,67965.5,113940.0,211.0
492.0,114650.0,107841.0,163836.0,333.0
671.0,106323.5,90532.0,150304.0,224.0
1001.0,267158.5,262540.5,375375.0,375.0
781.0,148846.5,130376.0,231176.0,296.0
497.0,69814.5,61587.0,93933.0,189.0
602.0,134378.5,130488.5,188426.0,313.0
671.0,140954.5,130473.0,201971.0,301.0
479.0,136581.0,130584.0,188726.0,394.0
866.0,478610.0,193561.0,836556.0,966.0
707.0,375814.0,202324.0,597415.0,845.0
1044.0,584544.0,371689.5,890532.0,853.0
373.0,79692.0,75564.0,115257.0,309.0
914.0,499899.0,254965.0,649854.0,711.0
971.0,333875.0,310837.5,469964.0,484.0
559.0,138530.5,130517.0,204594.0,366.0
751.0,195696.0,188193.5,263601.0,351.0
751.0,195696.0,188193.5,263601.0,351.0
774.0,216493.5,210013.0,333594.0,431.0
613.0,218576.5,181224.0,330407.0,539.0
528.0,193782.5,95565.5,290928.0,551.0
497.0,156088.0,130096.0,241045.0,485.0
497.0,156088.0,130096.0,241045.0,485.0
420.0,32160.5,31241.5,51660.0,123.0
628.0,137616.5,130702.5,203472.0,324.0
442.0,69874.5,67535.5,95472.0,216.0
921.0,253426.0,229906.5,405240.0,440.0
967.0,279836.0,250245.0,424513.0,439.0
602.0,142686.5,130286.0,205884.0,342.0
384.0,88241.5,83129.0,121344.0,316.0
888.0,193858.5,188093.0,258408.0,291.0
902.0,233219.5,212739.5,371624.0,412.0
827.0,387240.5,192704.5,602056.0,728.0
573.0,248594.5,129766.0,369585.0,645.0
839.0,142499.0,130327.5,233242.0,278.0
879.0,137423.0,130361.0,228540.0,260.0
771.0,508168.0,251321.0,707778.0,918.0
771.0,508168.0,251321.0,707778.0,918.0
933.0,421992.0,244382.5,597120.0,640.0
542.0,79513.5,71913.5,112736.0,208.0
577.0,276256.0,197783.0,373319.0,647.0
656.0,287204.0,260436.0,411312.0,627.0
549.0,129665.0,121533.5,188307.0,343.0
513.0,144123.5,130437.5,216999.0,423.0
1322.0,861887.5,509098.5,1255900.0,950.0
474.0,181144.0,165343.0,264018.0,557.0
565.0,180074.5,130001.5,284195.0,503.0
582.0,157724.0,149297.5,210102.0,361.0
603.0,104641.0,100251.5,159192.0,264.0
468.0,115377.5,108118.5,162864.0,348.0
718.0,135633.5,130385.0,207502.0,289.0
736.0,439510.5,249304.0,631488.0,858.0
547.0,155773.0,139002.5,234663.0,429.0
387.0,134026.0,130513.0,168345.0,435.0
669.0,167199.0,162938.5,250875.0,375.0
440.0,74548.5,58908.0,107360.0,244.0
631.0,143730.0,130288.5,212647.0,337.0
631.0,143730.0,130288.5,212647.0,337.0
562.0,169864.0,150944.0,259082.0,461.0
744.0,318538.0,268004.0,500712.0,673.0
482.0,136146.0,130537.0,172074.0,357.0
1053.0,305287.0,285929.5,488592.0,464.0
1053.0,305287.0,285929.5,488592.0,464.0
710.0,278272.0,192105.5,385530.0,543.0
710.0,314631.0,296309.5,470730.0,663.0
755.0,136176.5,130349.5,213665.0,283.0
814.0,187787.5,181410.0,299552.0,368.0
1323.0,135923.5,130033.0,203742.0,154.0
585.0,166013.5,130598.0,246285.0,421.0
585.0,166013.5,130598.0,246285.0,421.0
294.0,39177.5,33821.0,62034.0,211.0
634.0,217191.0,201601.0,313196.0,494.0
778.0,373423.0,173538.0,648852.0,834.0
779.0,371749.0,341672.5,547637.0,703.0
517.0,84238.0,81335.0,125114.0,242.0
828.0,306138.0,166924.0,474444.0,573.0
732.0,140116.0,130530.0,196176.0,268.0
640.0,144223.5,130700.5,216960.0,339.0
1173.0,133422.0,130085.5,201756.0,172.0
624.0,132486.5,130540.5,182208.0,292.0
1178.0,357852.5,315967.0,523032.0,444.0
557.0,134457.5,130725.5,178797.0,321.0
408.0,133506.0,130694.0,170952.0,419.0
720.0,137889.0,130748.5,212400.0,295.0
499.0,105673.5,86038.5,157684.0,316.0
902.0,646182.0,541046.5,889372.0,986.0
698.0,95446.5,92331.0,122848.0,176.0
399.0,134432.5,130719.5,169974.0,426.0
610.0,142158.0,130540.0,212890.0,349.0
776.0,132374.0,130459.5,183136.0,236.0
897.0,185950.0,181166.5,264615.0,295.0
892.0,275057.5,253964.0,412996.0,463.0
675.0,187065.5,178985.0,297000.0,440.0
998.0,422874.0,237092.0,665666.0,667.0
394.0,134560.5,130654.5,170208.0,432.0
520.0,146199.0,130348.5,234520.0,451.0
572.0,140944.5,130109.0,203060.0,355.0
595.0,196256.0,190302.0,259420.0,436.0
912.0,292291.5,273526.5,444144.0,487.0
912.0,292291.5,273526.5,444144.0,487.0
852.0,663506.5,360937.5,793212.0,931.0
975.0,712872.5,368580.0,1116375.0,1145.0
267.0,25998.5,23823.0,37113.0,139.0
479.0,141494.5,130532.5,187289.0,391.0
424.0,33468.5,32476.5,55120.0,130.0
643.0,117818.0,109799.5,182612.0,284.0
660.0,136630.0,130459.5,207240.0,314.0
723.0,163094.5,143021.5,251604.0,348.0
456.0,64688.5,63441.5,91656.0,201.0
1358.0,137562.5,129847.5,198268.0,146.0
602.0,142608.0,130635.5,233576.0,388.0
963.0,210690.0,194694.5,319716.0,332.0
1068.0,304535.5,288744.0,479532.0,449.0
705.0,135243.5,130489.5,186825.0,265.0
398.0,140419.5,130477.5,183080.0,460.0
936.0,322911.5,236521.5,511992.0,547.0
287.0,39029.0,32649.0,60557.0,211.0
593.0,156015.5,130481.5,221782.0,374.0
555.0,99353.5,96091.5,155400.0,280.0
1250.0,134760.5,130166.5,197500.0,158.0
1297.0,135016.5,129914.5,208817.0,161.0
665.0,371723.5,349726.0,527345.0,793.0
670.0,135644.5,130415.0,207700.0,310.0
823.0,340862.5,198464.0,512729.0,623.0
582.0,243870.5,129925.5,363168.0,624.0
489.0,108271.5,95687.5,165282.0,338.0
539.0,146777.5,130403.0,231770.0,430.0
1093.0,141975.5,129957.0,225158.0,206.0
803.0,167125.0,151447.5,230461.0,287.0
616.0,136485.0,133401.5,206360.0,335.0
612.0,172888.0,163763.5,249696.0,408.0
706.0,289158.0,130028.0,414422.0,587.0
544.0,134853.0,130656.0,193664.0,356.0
622.0,169476.0,157001.0,215212.0,346.0
477.0,138251.5,130464.5,187461.0,393.0
817.0,212350.0,207436.5,322715.0,395.0
1229.0,278082.5,271225.0,408028.0,332.0
443.0,140261.0,130518.5,175428.0,396.0
477.0,58075.0,56531.5,82521.0,173.0
1064.0,139030.0,129990.5,257488.0,242.0
1398.0,349838.5,239212.5,647274.0,463.0
917.0,133683.5,130247.5,189819.0,207.0
917.0,133683.5,130247.5,189819.0,207.0
934.0,287568.5,272516.5,440848.0,472.0
447.0,87724.5,69775.5,147957.0,331.0
917.0,414547.0,211321.0,649236.0,708.0
619.0,139534.5,130259.5,198699.0,321.0
911.0,231029.0,212516.5,336159.0,369.0
728.0,246546.0,234837.5,363272.0,499.0
800.0,188774.5,172223.0,288800.0,361.0
869.0,571685.5,476707.5,816860.0,940.0
474.0,187018.5,133109.5,238896.0,504.0
894.0,203841.5,198338.5,307536.0,344.0
581.0,142224.0,130301.0,226009.0,389.0
428.0,91502.5,66745.5,152368.0,356.0
428.0,91502.5,66745.5,152368.0,356.0
901.0,586983.5,508124.5,805494.0,894.0
506.0,45060.5,43536.5,77924.0,154.0
292.0,27276.0,26050.0,42048.0,144.0
888.0,233762.5,209539.0,364968.0,411.0
656.0,230302.5,223717.5,318816.0,486.0
521.0,193199.0,108214.5,267794.0,514.0
794.0,138053.5,130268.0,211204.0,266.0
521.0,135237.5,130497.5,181308.0,348.0
502.0,134245.5,130573.5,192266.0,383.0
555.0,248818.5,129833.5,360750.0,650.0
954.0,491772.5,332589.5,635364.0,666.0
757.0,133573.0,130341.5,188493.0,249.0
867.0,229499.0,218305.0,353736.0,408.0
604.0,86605.0,76828.5,134692.0,223.0
574.0,124892.5,119665.0,171052.0,298.0
615.0,168431.0,162301.5,248460.0,404.0
552.0,152831.5,142848.0,214728.0,389.0
1074.0,532718.0,278164.5,876384.0,816.0
874.0,219500.5,214638.5,322506.0,369.0
737.0,180494.5,173907.0,280797.0,381.0
514.0,105948.5,82645.5,147518.0,287.0
529.0,74820.0,72270.5,94691.0,179.0
619.0,121158.0,116697.0,188176.0,304.0
773.0,170910.0,148601.5,240403.0,311.0
802.0,367715.5,243925.0,443506.0,553.0
965.0,492658.0,295084.5,724715.0,751.0
498.0,143105.5,130381.0,216132.0,434.0
542.0,94556.0,92328.0,138752.0,256.0
749.0,112618.5,75173.0,157290.0,210.0
497.0,144674.0,130287.0,223650.0,450.0
545.0,170772.0,98489.0,259420.0,476.0
583.0,161975.5,130581.5,246026.0,422.0
1144.0,626984.5,318734.0,976976.0,854.0
575.0,80174.5,76571.0,110975.0,193.0
627.0,106625.5,98981.5,165528.0,264.0
649.0,148607.0,130291.5,258302.0,398.0
1002.0,144255.0,130374.5,223446.0,223.0
908.0,578878.5,522523.5,753640.0,830.0
415.0,46713.5,45143.0,68060.0,164.0
723.0,318538.0,293544.0,470673.0,651.0
785.0,177999.5,158426.0,281030.0,358.0
646.0,111839.0,102708.5,178296.0,276.0
494.0,67482.5,65585.0,94848.0,192.0
483.0,105041.5,80097.5,173880.0,360.0
474.0,61636.5,59873.0,90060.0,190.0
553.0,238831.0,129780.0,358344.0,648.0
465.0,138416.5,130452.0,178560.0,384.0
873.0,174698.0,130012.0,275868.0,316.0
583.0,141776.0,130395.5,225621.0,387.0
918.0,427394.0,402778.5,629748.0,686.0
376.0,135492.5,130485.0,162808.0,433.0
522.0,135118.5,130464.0,196272.0,376.0
521.0,78156.0,75862.5,110973.0,213.0
691.0,160510.5,154840.0,228721.0,331.0
1143.0,339389.0,317042.0,524637.0,459.0
593.0,132748.0,130547.0,188574.0,318.0
547.0,158762.0,130405.0,209501.0,383.0
722.0,137080.5,130455.5,212268.0,294.0
589.0,142068.0,130521.0,228532.0,388.0
770.0,134138.0,130658.5,187110.0,243.0
512.0,146899.5,130281.5,231424.0,452.0
761.0,181055.5,175570.5,276243.0,363.0
789.0,435222.5,221024.5,711678.0,902.0
873.0,555390.0,262692.0,833715.0,955.0
937.0,375792.0,217754.5,588436.0,628.0
596.0,140834.0,130553.0,205620.0,345.0
521.0,136357.0,130574.0,187560.0,360.0
1183.0,760122.0,364479.0,1097824.0,928.0
600.0,140858.0,130485.5,219000.0,365.0
745.0,373341.0,317219.5,563220.0,756.0
399.0,49349.0,47925.0,70623.0,177.0
554.0,135972.0,130275.0,193346.0,349.0
1029.0,882573.0,444026.0,1236858.0,1202.0
887.0,191573.0,169838.5,294484.0,332.0
553.0,139529.0,130606.0,222859.0,403.0
553.0,233250.0,130067.0,356685.0,645.0
726.0,134228.0,130542.5,200376.0,276.0
726.0,134228.0,130542.5,200376.0,276.0
617.0,139116.0,130590.5,201142.0,326.0
640.0,84347.5,81145.5,117120.0,183.0
428.0,37537.0,36850.5,53072.0,124.0
374.0,134902.0,130512.5,166430.0,445.0
259.0,29946.0,28147.0,39886.0,154.0
414.0,140536.0,130429.5,182160.0,440.0
980.0,271592.0,268148.0,378280.0,386.0
1181.0,335368.5,328262.0,474762.0,402.0
697.0,318738.0,293711.5,450959.0,647.0
673.0,133097.5,130683.0,186421.0,277.0
994.0,528206.0,334775.0,716674.0,721.0
597.0,94443.5,92556.0,194025.0,325.0
599.0,93346.5,89855.5,112612.0,188.0
1037.0,342129.5,314248.0,483242.0,466.0
1176.0,752267.5,495703.0,1061928.0,903.0
1176.0,752267.5,495703.0,1061928.0,903.0
4.0,0.0,0.0,4.0,1.0
676.0,124824.0,115665.0,169000.0,250.0
916.0,241519.5,236209.0,356324.0,389.0
731.0,448931.5,423508.0,615502.0,842.0
567.0,136539.5,130451.5,204687.0,361.0
686.0,162152.5,153494.5,240100.0,350.0
462.0,111010.0,99993.5,167706.0,363.0
897.0,205544.5,199510.5,313053.0,349.0
472.0,138825.0,130490.0,177944.0,377.0
826.0,136526.5,130275.5,202370.0,245.0
826.0,136526.5,130275.5,202370.0,245.0
700.0,133139.0,130652.5,190400.0,272.0
640.0,144270.0,130463.5,231040.0,361.0
895.0,312502.5,209388.5,525365.0,587.0
637.0,113283.0,107531.5,181545.0,285.0
640.0,141045.5,130630.5,216960.0,339.0
447.0,63985.5,62413.5,88953.0,199.0
1253.0,341105.5,305894.5,537537.0,429.0
820.0,406456.0,176511.0,712580.0,869.0
576.0,134409.5,130554.5,196992.0,342.0
295.0,41559.0,33959.5,64015.0,217.0
717.0,137215.5,130434.0,207213.0,289.0
580.0,140891.5,130647.5,228520.0,394.0
508.0,63874.0,61395.5,98044.0,193.0
712.0,136975.5,130568.5,213600.0,300.0
1097.0,147287.5,130058.5,235855.0,215.0
336.0,47691.5,40512.0,76944.0,229.0
562.0,136221.0,130387.5,193890.0,345.0
654.0,163688.5,156287.5,250482.0,383.0
1265.0,329729.5,271526.5,562925.0,445.0
460.0,159971.0,130493.5,252540.0,549.0
496.0,76118.0,73472.0,101184.0,204.0
514.0,106265.0,103809.5,153686.0,299.0
619.0,144005.5,130545.5,207365.0,335.0
578.0,190879.5,184478.0,254898.0,441.0
509.0,158400.5,129858.0,234649.0,461.0
584.0,96000.5,87021.0,132568.0,227.0
303.0,34192.0,31882.5,47571.0,157.0
323.0,21944.0,21332.0,36499.0,113.0
532.0,151805.5,135636.0,228228.0,429.0
719.0,120623.0,115382.0,194849.0,271.0
936.0,264484.5,241980.5,407160.0,435.0
681.0,241444.5,227359.5,337095.0,495.0
916.0,363063.5,190208.0,576164.0,629.0
368.0,55631.5,54177.0,80224.0,218.0
678.0,142237.0,136942.0,205434.0,303.0
728.0,311304.0,262210.5,488488.0,671.0
723.0,167067.0,145514.0,266064.0,368.0
813.0,242077.5,149966.0,399183.0,491.0
480.0,93434.5,90144.0,128160.0,267.0
573.0,162643.0,130203.0,233784.0,408.0
364.0,81143.0,76493.5,109564.0,301.0
632.0,195189.0,186795.5,280608.0,444.0
903.0,287892.5,266266.5,435246.0,482.0
413.0,140916.5,130488.5,186263.0,451.0
632.0,140076.5,130440.0,206664.0,327.0
692.0,267801.5,224572.0,426964.0,617.0
769.0,370020.5,301907.5,587516.0,764.0
659.0,133740.0,130768.5,186497.0,283.0
561.0,120952.5,116416.5,169983.0,303.0
550.0,113816.5,110307.5,155100.0,282.0
550.0,113816.5,110307.5,155100.0,282.0
618.0,141766.0,130437.5,218772.0,354.0
568.0,202741.0,129730.0,326032.0,574.0
810.0,189254.0,169510.5,306180.0,378.0
572.0,113195.0,109136.0,160160.0,280.0
598.0,132864.0,130524.5,181194.0,303.0
875.0,212080.5,200056.0,333375.0,381.0
875.0,212080.5,200056.0,333375.0,381.0
536.0,96779.5,90295.5,130784.0,244.0
1113.0,286369.5,263825.0,420714.0,378.0
538.0,84228.0,82809.5,119436.0,222.0
538.0,84228.0,82809.5,119436.0,222.0
562.0,229875.0,109171.0,328770.0,585.0
534.0,84258.5,81630.0,119616.0,224.0
428.0,149710.5,130536.5,191744.0,448.0
524.0,93075.5,89312.5,129428.0,247.0
930.0,295529.5,281198.0,451050.0,485.0
667.0,198630.0,194269.0,284809.0,427.0
643.0,138780.5,130327.0,203831.0,317.0
724.0,135316.5,130704.5,193308.0,267.0
499.0,135666.0,130343.0,185628.0,372.0
750.0,143528.5,139302.0,230250.0,307.0
927.0,231944.0,135381.5,298494.0,322.0
474.0,153505.0,129936.5,221832.0,468.0
934.0,401557.0,225722.5,652866.0,699.0
534.0,66304.0,64479.5,91314.0,171.0
518.0,96239.5,91778.0,137788.0,266.0
630.0,127395.5,122504.5,192780.0,306.0
549.0,59735.5,58452.5,81801.0,149.0
718.0,327295.5,304475.0,494702.0,689.0
987.0,503837.0,272051.0,777756.0,788.0
305.0,37170.5,31386.0,61915.0,203.0
981.0,301703.5,288716.0,449298.0,458.0
826.0,113905.0,102046.0,166852.0,202.0
826.0,113905.0,102046.0,166852.0,202.0
977.0,526997.5,250539.5,882231.0,903.0
977.0,526997.5,250539.5,882231.0,903.0
1249.0,382640.0,329798.0,654476.0,524.0
515.0,150006.5,130374.0,231750.0,450.0
615.0,136869.0,113157.0,207255.0,337.0
667.0,208033.5,199335.0,303485.0,455.0
369.0,56915.5,55397.0,79335.0,215.0
659.0,310711.5,230956.5,429009.0,651.0
1042.0,473963.0,266275.0,754408.0,724.0
622.0,75554.5,73516.0,113826.0,183.0
676.0,375290.0,314766.5,531336.0,786.0
427.0,117570.5,111255.0,158844.0,372.0
466.0,68520.0,67025.0,96928.0,208.0
998.0,139271.5,130367.0,251496.0,252.0
565.0,136094.5,130595.5,202270.0,358.0
466.0,42433.5,41093.5,63842.0,137.0
967.0,236863.5,233690.5,345219.0,357.0
689.0,134847.0,130433.5,203255.0,295.0
535.0,151213.5,130067.0,224165.0,419.0
565.0,69717.0,67963.0,101700.0,180.0
1020.0,565927.5,538888.0,828240.0,812.0
526.0,149348.5,135098.0,226706.0,431.0
810.0,392973.0,335021.5,591300.0,730.0
493.0,135671.5,130647.0,184382.0,374.0
634.0,144176.5,130515.5,211756.0,334.0
732.0,301232.5,283371.5,440664.0,602.0
413.0,115299.0,108988.0,154462.0,374.0
541.0,85249.5,78133.0,132004.0,244.0
731.0,155988.5,141806.5,225148.0,308.0
890.0,126202.0,111470.5,218940.0,246.0
498.0,157892.0,129844.5,232566.0,467.0
905.0,726202.0,624960.5,947535.0,1047.0
791.0,182843.0,134364.5,289506.0,366.0
1234.0,377851.5,340923.5,605894.0,491.0
1234.0,377851.5,340923.5,605894.0,491.0
615.0,140694.5,130306.0,213405.0,347.0
696.0,324299.0,247502.0,435000.0,625.0
548.0,138012.5,130493.5,195088.0,356.0
905.0,173976.0,169978.5,254305.0,281.0
987.0,255393.0,238886.0,399735.0,405.0
595.0,132752.0,130480.5,183855.0,309.0
376.0,27058.5,26542.0,49632.0,132.0
454.0,52125.0,49419.0,80812.0,178.0
1194.0,656717.0,338821.0,1008930.0,845.0
595.0,141811.5,130559.0,234430.0,394.0
622.0,262904.5,244606.0,359516.0,578.0
845.0,267214.0,260308.5,391235.0,463.0
685.0,143738.5,129037.0,223310.0,326.0
685.0,143738.5,129037.0,223310.0,326.0
526.0,139650.0,130473.0,208822.0,397.0
552.0,135459.0,130530.0,191544.0,347.0
781.0,182972.5,169496.5,265540.0,340.0
504.0,133895.0,130739.0,189504.0,376.0
404.0,133648.5,130552.5,168468.0,417.0
925.0,285822.0,274600.0,426425.0,461.0
854.0,242422.0,227653.5,371490.0,435.0
871.0,243357.5,231299.0,364078.0,418.0
881.0,213236.5,206295.0,332137.0,377.0
831.0,198018.5,190710.5,313287.0,377.0
566.0,141526.5,133231.0,192440.0,340.0
741.0,207612.5,192342.0,294177.0,397.0
745.0,118232.5,90402.5,181780.0,244.0
1089.0,257844.5,226997.0,432333.0,397.0
870.0,399088.5,270383.5,547230.0,629.0
542.0,137899.5,130609.0,183196.0,338.0
737.0,194476.0,180444.5,278586.0,378.0
600.0,135613.5,130446.0,202200.0,337.0
969.0,325599.5,306486.0,482562.0,498.0
578.0,148663.5,130556.5,214438.0,371.0
739.0,134495.5,130690.5,188445.0,255.0
1224.0,312793.0,305192.5,472464.0,386.0
578.0,73482.0,71121.5,97104.0,168.0
620.0,237955.0,116079.5,354020.0,571.0
725.0,214637.0,204284.0,319725.0,441.0
780.0,135765.5,130575.5,217620.0,279.0
1021.0,269440.5,248907.0,386959.0,379.0
895.0,550672.0,273893.0,897685.0,1003.0
611.0,142726.5,130528.5,201019.0,329.0
1233.0,361768.5,319326.0,522792.0,424.0
1233.0,361768.5,319326.0,522792.0,424.0
848.0,112506.0,83102.0,177232.0,209.0
623.0,115290.5,110975.5,177555.0,285.0
588.0,132929.5,130535.0,185808.0,316.0
729.0,202574.0,193210.0,303264.0,416.0
480.0,200906.5,148557.0,268800.0,560.0
620.0,154967.0,131556.5,236840.0,382.0
487.0,50278.5,47969.5,72076.0,148.0
761.0,109872.5,105654.5,162093.0,213.0
951.0,402905.0,216540.0,659994.0,694.0
507.0,136325.0,130534.5,187590.0,370.0
905.0,285786.5,277107.5,431685.0,477.0
582.0,107015.0,104255.5,164124.0,282.0
526.0,139014.5,130429.0,199880.0,380.0
526.0,139014.5,130429.0,199880.0,380.0
559.0,118555.5,109953.5,165464.0,296.0
361.0,23286.5,22606.0,34656.0,96.0
630.0,137632.5,132824.5,196560.0,312.0
880.0,248898.5,229138.0,396880.0,451.0
410.0,69205.0,67454.0,96350.0,235.0
291.0,40626.0,34815.5,61983.0,213.0
411.0,79739.0,70018.0,119601.0,291.0
429.0,61729.0,60528.5,86658.0,202.0
986.0,330899.5,307010.0,482154.0,489.0
757.0,493875.0,438942.5,651020.0,860.0
480.0,72943.5,71164.0,103200.0,215.0
923.0,133779.0,130305.0,198445.0,215.0
883.0,135116.0,130158.5,202207.0,229.0
530.0,138732.5,130385.5,198220.0,374.0
733.0,156541.0,152119.0,241890.0,330.0
964.0,255194.5,241941.0,403916.0,419.0
620.0,143872.0,130564.0,232500.0,375.0
705.0,319126.0,125073.0,552720.0,784.0
508.0,58298.5,55876.5,90424.0,178.0
655.0,140975.5,130624.5,205670.0,314.0
573.0,140192.0,130076.5,204561.0,357.0
578.0,160492.0,130632.5,216750.0,375.0
392.0,66706.0,55124.5,114072.0,291.0
428.0,76486.0,63583.0,114276.0,267.0
932.0,342750.0,331504.0,534968.0,574.0
758.0,285441.0,129978.5,427512.0,564.0
858.0,213083.5,210331.5,307164.0,358.0
920.0,188900.5,185536.5,271400.0,295.0
344.0,39688.0,38142.5,60200.0,175.0
852.0,149831.0,147083.0,250488.0,294.0
855.0,186994.5,170712.0,283005.0,331.0
435.0,43254.5,42123.0,56985.0,131.0
556.0,211170.5,110387.0,309692.0,557.0
884.0,369915.5,190106.5,594048.0,672.0
667.0,149800.0,130482.0,218776.0,328.0
811.0,230681.0,217479.5,362517.0,447.0
721.0,134195.0,130585.5,192507.0,267.0
398.0,54757.0,50893.5,77610.0,195.0
848.0,257272.5,153413.5,472336.0,557.0
853.0,386218.5,180059.5,633779.0,743.0
1038.0,305133.5,282388.5,413124.0,398.0
721.0,141903.0,129791.5,211974.0,294.0
913.0,452211.0,233280.0,691141.0,757.0
568.0,94454.5,83859.0,134048.0,236.0
650.0,135639.5,130489.0,205400.0,316.0
832.0,145065.5,130371.0,230464.0,277.0
543.0,135116.0,130374.5,195480.0,360.0
1004.0,325344.5,301301.0,490956.0,489.0
461.0,147106.0,130523.0,198230.0,430.0
782.0,476809.5,258274.5,695980.0,890.0
782.0,476809.5,258274.5,695980.0,890.0
1.0,0.0,0.0,1.0,1.0
658.0,142245.0,137088.0,217798.0,331.0
640.0,118554.5,115207.0,177280.0,277.0
701.0,263408.5,254854.5,361716.0,516.0
268.0,30999.0,29238.5,41808.0,156.0
648.0,216076.0,129981.0,346680.0,535.0
648.0,216076.0,129981.0,346680.0,535.0
292.0,34354.0,31834.0,48764.0,167.0
748.0,105853.0,71935.5,159324.0,213.0
594.0,151053.0,130458.0,237600.0,400.0
648.0,144861.5,130499.5,207360.0,320.0
1095.0,153631.5,130140.0,259515.0,237.0
719.0,143403.0,131791.5,207791.0,289.0
515.0,139267.5,130585.5,194155.0,377.0
592.0,142950.5,119230.5,215488.0,364.0
604.0,124056.0,113293.5,178180.0,295.0
701.0,154745.5,130346.5,220815.0,315.0
806.0,368833.0,316164.0,558558.0,693.0
938.0,342414.0,328619.5,523404.0,558.0
901.0,223620.0,205090.0,341479.0,379.0
937.0,303571.0,294035.0,467563.0,499.0
587.0,135025.5,130718.0,191949.0,327.0
904.0,348280.0,194740.0,545112.0,603.0
797.0,224650.5,206674.5,347492.0,436.0
669.0,141673.0,130532.5,228798.0,342.0
514.0,138442.5,130565.5,192750.0,375.0
514.0,138442.5,130565.5,192750.0,375.0
964.0,228263.0,202181.0,348004.0,361.0
742.0,474004.0,243260.5,638862.0,861.0
811.0,190263.5,170616.5,293582.0,362.0
811.0,190263.5,170616.5,293582.0,362.0
576.0,136438.5,130724.5,194688.0,338.0
687.0,206107.5,191744.0,316707.0,461.0
582.0,97410.5,94448.5,147828.0,254.0
991.0,365840.5,206538.5,619375.0,625.0
625.0,135004.0,130447.0,178750.0,286.0
687.0,134886.0,130339.0,203352.0,296.0
612.0,266736.5,193392.0,387396.0,633.0
838.0,221917.5,215392.5,337714.0,403.0
467.0,68157.0,66693.5,98070.0,210.0
922.0,165473.5,162577.0,240642.0,261.0
557.0,144378.0,130251.0,211103.0,379.0
636.0,376135.0,314508.5,475092.0,747.0
589.0,89496.5,83407.5,127813.0,217.0
566.0,267641.5,250665.0,371862.0,657.0
564.0,135618.5,130610.5,199092.0,353.0
798.0,109196.5,97780.0,152418.0,191.0
567.0,148053.5,133620.0,208656.0,368.0
645.0,132274.0,119526.5,189630.0,294.0
514.0,114121.0,94791.0,158826.0,309.0
611.0,110624.5,108671.0,166803.0,273.0
1030.0,242473.0,215718.5,359470.0,349.0
523.0,144398.5,127373.5,214953.0,411.0
1158.0,317260.5,285376.5,485202.0,419.0
477.0,128072.5,113958.0,193662.0,406.0
431.0,139923.5,130476.0,181451.0,421.0
421.0,76159.0,60342.5,120827.0,287.0
421.0,76159.0,60342.5,120827.0,287.0
835.0,195384.5,173399.5,308115.0,369.0
881.0,140118.5,130149.0,237870.0,270.0
569.0,107309.5,97830.0,155337.0,273.0
971.0,176658.5,130110.0,271880.0,280.0
971.0,176658.5,130110.0,271880.0,280.0
570.0,134537.5,130660.0,186390.0,327.0
932.0,395388.5,201460.0,601140.0,645.0
798.0,158063.0,130094.5,231420.0,290.0
567.0,141071.0,130625.5,216594.0,382.0
659.0,163751.5,148422.5,239876.0,364.0
607.0,139043.0,135119.0,201524.0,332.0
1005.0,144979.0,130082.0,225120.0,224.0
440.0,150838.0,130549.5,205480.0,467.0
699.0,95832.5,94298.5,134208.0,192.0
963.0,263297.0,259559.0,379422.0,394.0
752.0,189756.0,185146.5,282752.0,376.0
506.0,111434.0,105477.0,152812.0,302.0
537.0,84895.5,82839.5,120825.0,225.0
1009.0,369658.5,269602.5,586229.0,581.0
580.0,135311.5,130759.5,194300.0,335.0
372.0,135706.5,130444.0,162936.0,438.0
739.0,274633.5,130064.5,408667.0,553.0
819.0,287272.5,192374.5,443079.0,541.0
707.0,139271.5,130460.0,215635.0,305.0
811.0,181598.5,166411.5,266008.0,328.0
811.0,181598.5,166411.5,266008.0,328.0
615.0,133201.5,130573.0,177120.0,288.0
823.0,237887.5,218348.5,375288.0,456.0
452.0,36174.0,35265.5,55596.0,123.0
714.0,133725.0,130319.5,197064.0,276.0
909.0,193368.5,176357.5,306333.0,337.0
916.0,501120.5,308985.5,653108.0,713.0
976.0,300809.0,266851.0,435296.0,446.0
733.0,98821.0,96540.0,147333.0,201.0
610.0,124275.5,118413.0,179950.0,295.0
669.0,181202.0,171662.0,270276.0,404.0
526.0,136680.5,130519.0,196724.0,374.0
400.0,28250.5,27628.5,43600.0,109.0
537.0,134402.5,130705.5,194394.0,362.0
609.0,144557.0,130506.5,236292.0,388.0
739.0,142659.0,130388.5,212093.0,287.0
505.0,67819.0,66029.0,94435.0,187.0
972.0,443858.5,242769.5,685260.0,705.0
454.0,52739.0,51077.0,71278.0,157.0
777.0,274365.5,150531.0,432012.0,556.0
743.0,199530.5,193538.5,291256.0,392.0
320.0,35305.5,33689.5,49280.0,154.0
794.0,300771.5,288242.0,429554.0,541.0
490.0,141848.0,130483.0,195510.0,399.0
649.0,154079.0,121413.0,244024.0,376.0
649.0,154079.0,121413.0,244024.0,376.0
722.0,124759.0,113202.0,205048.0,284.0
659.0,250215.0,168161.0,337408.0,512.0
474.0,143283.5,130506.5,194340.0,410.0
800.0,181938.0,168171.5,267200.0,334.0
722.0,266498.5,130212.5,405764.0,562.0
422.0,85102.0,64999.0,143058.0,339.0
475.0,143450.0,130417.0,186200.0,392.0
680.0,145113.5,139059.0,221680.0,326.0
997.0,290783.5,273639.0,436686.0,438.0
639.0,218430.0,207964.5,316944.0,496.0
639.0,218430.0,207964.5,316944.0,496.0
1.0,0.0,0.0,1.0,1.0
1194.0,882198.5,440806.0,1186836.0,994.0
471.0,138631.0,130447.5,188871.0,401.0
627.0,265082.5,245616.0,377454.0,602.0
373.0,111379.5,51007.0,149573.0,401.0
373.0,111379.5,51007.0,149573.0,401.0
474.0,181621.5,134245.0,245532.0,518.0
605.0,131233.0,123497.0,190575.0,315.0
650.0,149759.5,145315.0,222950.0,343.0
922.0,505322.5,310575.5,660152.0,716.0
668.0,93308.0,90371.5,128256.0,192.0
1005.0,531051.0,266921.0,814050.0,810.0
530.0,156567.0,130012.0,247510.0,467.0
812.0,136404.5,130422.0,217616.0,268.0
616.0,146296.0,130423.0,246400.0,400.0
848.0,208372.5,188179.0,333264.0,393.0
638.0,133876.0,128813.5,204160.0,320.0
1053.0,536259.0,326461.5,802386.0,762.0
857.0,329481.5,182165.5,522770.0,610.0
491.0,71977.0,70522.0,100164.0,204.0
1070.0,145334.0,129974.5,256800.0,240.0
764.0,285350.5,129864.5,447704.0,586.0
896.0,381533.5,256552.5,584192.0,652.0
1032.0,251344.5,247286.0,356040.0,345.0
472.0,43008.0,42229.0,58056.0,123.0
487.0,184099.0,169740.5,268824.0,552.0
1068.0,333289.5,330482.5,457104.0,428.0
569.0,141834.5,129993.0,209961.0,369.0
635.0,161386.0,158773.0,235585.0,371.0
518.0,151221.0,136861.0,219114.0,423.0
579.0,134978.0,125456.0,196281.0,339.0
809.0,171219.0,155465.0,267779.0,331.0
809.0,171219.0,155465.0,267779.0,331.0
4.0,0.0,0.0,4.0,1.0
585.0,141245.0,130362.5,212940.0,364.0
749.0,157777.0,130191.0,232939.0,311.0
826.0,139972.0,130362.0,240366.0,291.0
684.0,159266.5,146155.5,238716.0,349.0
573.0,141475.5,130628.0,235503.0,411.0
610.0,142469.0,114558.5,211670.0,347.0
675.0,133758.5,130627.5,191025.0,283.0
818.0,432807.5,164707.0,712478.0,871.0
480.0,142836.0,130376.5,212640.0,443.0
955.0,286472.5,251017.0,438345.0,459.0
450.0,186033.0,130140.0,237150.0,527.0
518.0,145528.5,130408.5,226884.0,438.0
503.0,149222.5,130673.0,213272.0,424.0
557.0,201412.5,105771.5,301337.0,541.0
933.0,279741.5,257881.5,440376.0,472.0
445.0,79904.5,63634.5,134390.0,302.0
471.0,52551.0,50503.0,79128.0,168.0
717.0,238658.5,129982.5,395784.0,552.0
717.0,238658.5,129982.5,395784.0,552.0
465.0,41308.5,39990.0,64170.0,138.0
465.0,41308.5,39990.0,64170.0,138.0
746.0,339104.5,229931.5,463266.0,621.0
443.0,46140.0,44739.5,69994.0,158.0
313.0,48916.0,42000.5,74807.0,239.0
644.0,123226.0,118997.0,194488.0,302.0
592.0,89527.5,81980.5,126688.0,214.0
658.0,141382.5,130558.0,213850.0,325.0
496.0,157115.0,129919.0,226176.0,456.0
655.0,111562.5,101250.5,173575.0,265.0
449.0,169807.0,118890.5,231235.0,515.0
640.0,140081.5,130531.5,198400.0,310.0
642.0,228402.0,218765.5,321000.0,500.0
505.0,58169.0,56656.0,77265.0,153.0
687.0,92532.0,89465.5,133278.0,194.0
742.0,398975.5,182755.0,552790.0,745.0
1057.0,143756.0,130293.0,223027.0,211.0
606.0,150844.5,144520.0,214524.0,354.0
288.0,38425.0,36310.0,52416.0,182.0
799.0,268798.0,159548.0,427465.0,535.0
799.0,268798.0,159548.0,427465.0,535.0
512.0,210891.5,196679.0,313856.0,613.0
853.0,274126.5,261956.5,422235.0,495.0
418.0,31697.5,31230.5,48070.0,115.0
485.0,139868.5,130381.0,186240.0,384.0
485.0,139868.5,130381.0,186240.0,384.0
703.0,164295.0,130102.5,239723.0,341.0
705.0,136669.0,130526.0,212910.0,302.0
658.0,109677.0,98772.5,175686.0,267.0
926.0,311540.5,215493.0,550044.0,594.0
1556.0,134434.0,129713.5,197612.0,127.0
616.0,323843.0,305179.5,453376.0,736.0
400.0,132014.5,58827.0,175600.0,439.0
577.0,84425.5,82396.5,105591.0,183.0
564.0,73989.0,71698.0,100956.0,179.0
875.0,294837.5,273781.5,449750.0,514.0
539.0,139640.0,130596.0,188111.0,349.0
711.0,119709.5,117469.5,172773.0,243.0
651.0,139483.0,130397.5,205065.0,315.0
837.0,187135.0,176574.5,278721.0,333.0
762.0,186050.0,181676.5,281940.0,370.0
1399.0,135463.5,129985.5,223840.0,160.0
987.0,240322.0,214245.0,367164.0,372.0
265.0,32459.5,27978.0,50350.0,190.0
484.0,99667.0,93890.5,151492.0,313.0
578.0,81226.5,78763.0,110976.0,192.0
1075.0,141917.5,130222.5,232200.0,216.0
354.0,52086.0,50252.5,73278.0,207.0
566.0,140281.0,130700.0,226400.0,400.0
736.0,341732.5,255313.5,503424.0,684.0
478.0,139101.5,130478.0,183074.0,383.0
892.0,659876.5,345528.0,925896.0,1038.0
892.0,659876.5,345528.0,925896.0,1038.0
583.0,236799.5,218539.5,335225.0,575.0
642.0,131772.0,118621.0,202230.0,315.0
1152.0,309696.5,283150.5,442368.0,384.0
354.0,39400.5,37878.5,57348.0,162.0
516.0,168076.0,129842.0,246132.0,477.0
565.0,133783.0,130574.5,190405.0,337.0
392.0,61885.5,60096.5,84280.0,215.0
624.0,143630.0,130439.0,235248.0,377.0
566.0,153095.5,130353.5,209420.0,370.0
745.0,176755.5,171838.5,261495.0,351.0
641.0,136879.5,130626.5,194864.0,304.0
1009.0,141666.5,130240.5,229043.0,227.0
694.0,328229.5,277565.5,485106.0,699.0
588.0,221912.5,109873.5,342216.0,582.0
669.0,99251.5,95912.5,132462.0,198.0
1128.0,152354.5,129740.0,223344.0,198.0
854.0,133461.5,130298.0,183610.0,215.0
719.0,198112.0,188822.5,307013.0,427.0
592.0,92438.0,88135.5,142672.0,241.0
614.0,144381.5,130514.0,215514.0,351.0
493.0,50532.0,49327.0,67048.0,136.0
262.0,29966.0,28341.0,39038.0,149.0
666.0,146984.5,130339.5,211122.0,317.0
422.0,141815.5,67259.5,202138.0,479.0
964.0,406742.5,210389.5,671908.0,697.0
851.0,237844.5,213375.5,349761.0,411.0
480.0,137692.5,63592.0,186240.0,388.0
782.0,255673.5,192655.0,409768.0,524.0
782.0,255673.5,192655.0,409768.0,524.0
385.0,55971.0,53873.5,80850.0,210.0
870.0,136562.0,130185.0,208800.0,240.0
725.0,334481.0,145028.5,569125.0,785.0
393.0,134336.5,130537.0,171348.0,436.0
766.0,154822.0,145689.0,220608.0,288.0
841.0,201795.0,182717.5,321262.0,382.0
841.0,247793.5,232231.0,375086.0,446.0
865.0,132956.5,130066.0,185975.0,215.0
891.0,227418.0,219209.0,356400.0,400.0
562.0,112829.0,104947.5,162418.0,289.0
617.0,134010.5,130379.5,191270.0,310.0
658.0,288744.5,267196.0,403354.0,613.0
911.0,133479.0,130405.5,187666.0,206.0
583.0,142222.5,130243.5,208131.0,357.0
1274.0,439936.0,389177.5,643370.0,505.0
492.0,145338.0,66955.0,200736.0,408.0
781.0,145990.5,130263.5,221023.0,283.0
512.0,134748.0,125226.5,184320.0,360.0
734.0,332898.5,149601.0,535820.0,730.0
501.0,49719.5,48518.0,74148.0,148.0
973.0,330145.0,321158.0,514717.0,529.0
579.0,136447.5,130283.0,200913.0,347.0
920.0,132957.0,129861.0,183080.0,199.0
735.0,142062.0,130619.5,210210.0,286.0
558.0,162678.0,130551.0,237708.0,426.0
498.0,54312.5,52575.0,84162.0,169.0
629.0,247644.5,177448.0,374255.0,595.0
719.0,269392.0,256987.5,373161.0,519.0
757.0,136092.0,130636.5,212717.0,281.0
1132.0,274488.5,268489.0,388276.0,343.0
605.0,87130.0,84446.5,116160.0,192.0
624.0,352826.5,292962.5,459264.0,736.0
648.0,134415.0,130427.0,187920.0,290.0
391.0,92032.5,84992.0,128248.0,328.0
442.0,146953.5,130420.0,205088.0,464.0
915.0,438096.0,414586.0,645990.0,706.0
610.0,153759.5,145346.5,223260.0,366.0
862.0,384584.5,234850.5,580126.0,673.0
1056.0,576438.5,314908.5,910272.0,862.0
648.0,145336.5,130363.0,231336.0,357.0
906.0,242040.0,238768.5,352434.0,389.0
448.0,58677.5,57030.0,85120.0,190.0
351.0,109783.5,54307.5,143559.0,409.0
675.0,147703.0,130458.0,216000.0,320.0
1003.0,340600.0,317559.0,485452.0,484.0
597.0,89395.0,80084.0,137907.0,231.0
497.0,158045.5,129852.5,221165.0,445.0
553.0,109138.5,100047.5,155946.0,282.0
698.0,145416.5,142825.5,215682.0,309.0
599.0,141440.5,130215.5,209051.0,349.0
872.0,207382.0,199567.0,322640.0,370.0
581.0,138483.0,130473.0,185920.0,320.0
364.0,52974.0,51510.5,73528.0,202.0
922.0,133368.0,129930.0,187166.0,203.0
300.0,36333.0,34533.5,49800.0,166.0
946.0,324117.5,312737.0,505164.0,534.0
681.0,133990.0,130818.5,201576.0,296.0
705.0,138333.5,130521.5,219255.0,311.0
823.0,159738.5,130300.0,237847.0,289.0
489.0,70290.5,68597.5,100245.0,205.0
971.0,348558.5,236627.5,549586.0,566.0
621.0,211534.0,198005.0,311121.0,501.0
924.0,236979.0,204264.0,362208.0,392.0
743.0,339736.5,243655.0,508955.0,685.0
704.0,140011.0,130285.0,197824.0,281.0
704.0,140011.0,130285.0,197824.0,281.0
686.0,145554.5,130427.0,205800.0,300.0
663.0,302631.0,222414.5,443547.0,669.0
453.0,144881.0,130478.0,190713.0,421.0
546.0,136742.5,130405.0,197652.0,362.0
784.0,142275.5,138782.0,211680.0,270.0
873.0,191961.5,186152.0,279360.0,320.0
821.0,150711.0,145238.5,232343.0,283.0
734.0,351418.0,298385.5,529948.0,722.0
562.0,206527.0,149890.0,332704.0,592.0
581.0,115788.0,110381.5,167909.0,289.0
513.0,53129.5,52181.0,72846.0,142.0
748.0,142685.5,130494.5,226644.0,303.0
596.0,135777.0,130514.0,203236.0,341.0
982.0,380063.0,248925.5,619642.0,631.0
572.0,141067.5,130571.0,206492.0,361.0
854.0,276839.0,255244.5,415898.0,487.0
712.0,293681.0,269893.5,420792.0,591.0
718.0,326560.5,303190.0,476034.0,663.0
569.0,139438.5,130444.0,193460.0,340.0
553.0,136536.5,130664.5,195209.0,353.0
942.0,315029.5,286673.0,470058.0,499.0
619.0,159250.0,132969.5,224697.0,363.0
780.0,136827.0,130528.5,216060.0,277.0
908.0,224601.0,185052.0,393164.0,433.0
641.0,134939.0,130527.0,192941.0,301.0
494.0,151113.5,71660.5,229216.0,464.0
640.0,212343.0,204452.5,306560.0,479.0
527.0,146019.0,80697.0,217651.0,413.0
617.0,141997.0,130487.0,215950.0,350.0
765.0,133655.5,130499.0,192015.0,251.0
660.0,162742.0,136752.5,244860.0,371.0
610.0,203923.0,185889.0,304390.0,499.0
344.0,82640.5,62598.0,135880.0,395.0
297.0,40677.5,35874.5,63261.0,213.0
588.0,89022.0,79094.5,128772.0,219.0
554.0,256088.0,238308.0,366194.0,661.0
554.0,256088.0,238308.0,366194.0,661.0
1004.0,248311.0,244235.0,366460.0,365.0
463.0,154590.0,130455.0,210665.0,455.0
659.0,141993.0,130535.0,218129.0,331.0
1115.0,633744.0,351299.5,943290.0,846.0
633.0,121776.5,112280.0,181038.0,286.0
552.0,74410.5,72178.0,96048.0,174.0
585.0,138111.0,130380.5,193635.0,331.0
577.0,97614.5,94755.5,125786.0,218.0
623.0,162190.0,152836.5,238609.0,383.0
921.0,194666.0,176303.5,298404.0,324.0
940.0,330578.5,217777.5,558360.0,594.0
702.0,154467.0,136350.0,229554.0,327.0
876.0,276588.0,266681.5,418728.0,478.0
457.0,139924.5,130742.0,187370.0,410.0
694.0,160398.5,154983.5,237348.0,342.0
846.0,266135.0,249209.5,410310.0,485.0
666.0,174754.5,146039.5,257742.0,387.0
665.0,151044.5,147570.5,218120.0,328.0
570.0,188698.5,129956.0,303810.0,533.0
286.0,45355.0,40187.5,68068.0,238.0
624.0,77857.0,76661.0,109824.0,176.0
856.0,364281.0,175485.5,576944.0,674.0
630.0,275485.5,209017.0,403830.0,641.0
600.0,141796.0,130230.0,204000.0,340.0
485.0,71801.5,69541.5,104760.0,216.0
972.0,356357.0,343993.0,558900.0,575.0
765.0,157936.5,130294.5,237150.0,310.0
472.0,56242.5,54580.5,74104.0,157.0
467.0,137292.0,130436.5,173724.0,372.0
522.0,146760.0,130402.5,230202.0,441.0
528.0,144663.5,130174.5,226512.0,429.0
637.0,122542.0,113289.0,173901.0,273.0
589.0,133474.5,130727.5,179645.0,305.0
859.0,260364.5,249073.0,401153.0,467.0
625.0,215879.0,200134.0,323125.0,517.0
920.0,262917.0,236034.0,376280.0,409.0
540.0,67724.5,64789.5,103140.0,191.0
635.0,138711.5,130564.0,205740.0,324.0
635.0,138711.5,130564.0,205740.0,324.0
777.0,145711.5,130060.5,219891.0,283.0
450.0,81245.0,63332.0,117450.0,261.0
677.0,234324.0,226104.5,321575.0,475.0
569.0,135047.0,130710.5,187770.0,330.0
717.0,138908.0,130259.0,211515.0,295.0
909.0,270597.0,252059.0,402687.0,443.0
856.0,142589.5,90152.5,224272.0,262.0
657.0,128043.5,123325.0,193815.0,295.0
678.0,293534.5,220578.5,431208.0,636.0
745.0,285222.0,275899.0,386655.0,519.0
712.0,343911.5,256901.5,509792.0,716.0
593.0,91939.5,86087.5,138762.0,234.0
710.0,330323.0,247034.0,455820.0,642.0
559.0,115241.0,110722.5,155402.0,278.0
623.0,142891.0,130493.5,203098.0,326.0
1000.0,452860.0,266414.0,717000.0,717.0
732.0,305227.0,283304.0,428952.0,586.0
406.0,71050.5,69412.0,96628.0,238.0
441.0,35097.0,34284.0,58653.0,133.0
919.0,413883.5,211649.0,681898.0,742.0
568.0,92224.0,87197.5,136888.0,241.0
842.0,369804.5,353480.5,549826.0,653.0
371.0,76159.5,71667.0,104251.0,281.0
962.0,285770.5,270366.5,445406.0,463.0
249.0,24429.5,23133.0,32868.0,132.0
638.0,186881.5,177754.5,271788.0,426.0
638.0,186881.5,177754.5,271788.0,426.0
395.0,134621.0,130700.5,165900.0,420.0
477.0,46655.0,45864.5,60102.0,126.0
664.0,256884.0,110449.0,446872.0,673.0
388.0,48206.5,47284.5,67512.0,174.0
634.0,72323.0,70063.0,108414.0,171.0
764.0,153805.0,138702.5,236840.0,310.0
580.0,133456.0,130515.0,180960.0,312.0
541.0,137177.0,130559.0,194760.0,360.0
541.0,137177.0,130559.0,194760.0,360.0
518.0,137838.0,130559.5,193214.0,373.0
470.0,158862.0,130404.0,213380.0,454.0
761.0,180066.5,172297.5,280809.0,369.0
694.0,225753.5,129878.0,382394.0,551.0
1245.0,444138.5,396880.5,644910.0,518.0
754.0,229671.0,218369.5,348348.0,462.0
476.0,45262.5,44261.5,66164.0,139.0
498.0,103862.0,77072.5,156870.0,315.0
603.0,140954.0,130486.0,202005.0,335.0
306.0,32357.5,31520.0,46512.0,152.0
306.0,32357.5,31520.0,46512.0,152.0
1348.0,135923.0,129795.5,195460.0,145.0
824.0,471769.0,251268.0,788568.0,957.0
901.0,189479.5,185089.0,287419.0,319.0
769.0,177382.0,130140.0,274533.0,357.0
500.0,160871.0,129962.0,247500.0,495.0
617.0,143624.5,118722.5,212248.0,344.0
1044.0,276847.0,251628.0,435348.0,417.0
562.0,141444.5,130124.0,204568.0,364.0
743.0,286841.0,241633.0,461403.0,621.0
583.0,130762.0,126090.0,192390.0,330.0
418.0,45813.5,43718.0,67298.0,161.0
751.0,134202.5,130461.5,190754.0,254.0
603.0,134652.0,130519.5,193563.0,321.0
706.0,135294.0,130796.5,199798.0,283.0
417.0,36577.5,34826.0,54627.0,131.0
417.0,36577.5,34826.0,54627.0,131.0
1082.0,331098.5,289024.5,502048.0,464.0
1071.0,522621.0,261772.5,863226.0,806.0
842.0,132465.5,130057.5,180188.0,214.0
447.0,73244.5,59241.0,103257.0,231.0
602.0,132616.0,130468.5,176386.0,293.0
513.0,138736.0,130336.0,196479.0,383.0
678.0,143530.5,132253.5,218316.0,322.0
254.0,27586.5,26200.5,36830.0,145.0
645.0,110016.0,107963.5,170925.0,265.0
472.0,90632.0,73634.5,144432.0,306.0
314.0,49903.5,43166.5,75988.0,242.0
919.0,206390.0,201731.0,315217.0,343.0
977.0,274682.5,253967.5,420110.0,430.0
578.0,158518.5,130362.0,233512.0,404.0
702.0,148647.0,130499.0,219726.0,313.0
598.0,133184.5,130526.0,184782.0,309.0
533.0,137521.5,130558.5,197743.0,371.0
364.0,35728.0,34183.0,54600.0,150.0
788.0,135102.0,130398.0,198576.0,252.0
475.0,44458.5,42502.0,66500.0,140.0
373.0,58860.0,46354.0,86536.0,232.0
770.0,142710.5,130485.0,227150.0,295.0
848.0,547349.0,267270.0,792880.0,935.0
578.0,159440.0,130580.5,227154.0,393.0
427.0,153416.5,130349.5,204533.0,479.0
831.0,137816.0,130158.5,214398.0,258.0
871.0,190121.0,170962.0,301366.0,346.0
1002.0,194700.5,190099.0,284568.0,284.0
818.0,186475.5,173537.0,305932.0,374.0
665.0,192663.5,175835.0,279300.0,420.0
456.0,57310.0,56123.0,79344.0,174.0
566.0,114641.0,110776.5,156216.0,276.0
536.0,64503.5,62733.5,90584.0,169.0
564.0,92204.5,84523.5,133104.0,236.0
682.0,137530.0,130839.0,217558.0,319.0
647.0,368660.0,198073.5,482662.0,746.0
818.0,164657.0,151012.0,252762.0,309.0
526.0,135355.0,130614.5,191464.0,364.0
611.0,144298.5,130537.5,208351.0,341.0
501.0,141862.0,130525.5,196893.0,393.0
1268.0,475630.0,425189.5,684720.0,540.0
1079.0,275098.0,262911.5,417573.0,387.0
1647.0,135037.5,129672.0,258579.0,157.0
556.0,88629.5,82266.5,131772.0,237.0
889.0,237183.5,212667.0,361823.0,407.0
905.0,345001.5,200998.0,525805.0,581.0
358.0,62197.0,47263.5,99166.0,277.0
653.0,206481.5,197217.5,290585.0,445.0
638.0,107582.0,102706.0,160776.0,252.0
613.0,136366.0,130732.5,203516.0,332.0
668.0,166521.0,156678.5,246492.0,369.0
352.0,53294.0,51488.0,74976.0,213.0
421.0,43331.5,41308.5,71149.0,169.0
566.0,121279.5,114692.5,179988.0,318.0
979.0,771332.0,407510.5,1106270.0,1130.0
684.0,168954.0,158730.0,253764.0,371.0
702.0,107181.5,104836.0,164970.0,235.0
485.0,68626.5,63810.0,98455.0,203.0
663.0,292009.0,119330.5,503880.0,760.0
399.0,47561.0,45858.0,67431.0,169.0
744.0,143128.5,130301.5,213528.0,287.0
744.0,143128.5,130301.5,213528.0,287.0
676.0,116812.5,107245.0,163592.0,242.0
676.0,116812.5,107245.0,163592.0,242.0
390.0,53657.0,51673.5,78780.0,202.0
841.0,234618.0,212166.5,359948.0,428.0
918.0,297407.0,288034.5,459000.0,500.0
702.0,128109.5,115904.0,197964.0,282.0
902.0,277002.0,261839.5,410410.0,455.0
1015.0,256883.0,250609.0,377580.0,372.0
632.0,142371.5,130523.5,204136.0,323.0
845.0,136873.0,130279.5,222235.0,263.0
1233.0,457119.0,417445.5,648558.0,526.0
519.0,145389.0,130266.5,226803.0,437.0
444.0,165873.0,76395.0,225108.0,507.0
639.0,138514.0,130414.0,205119.0,321.0
607.0,196462.0,129751.0,306535.0,505.0
644.0,128221.0,122527.0,197064.0,306.0
498.0,137346.5,130551.5,192228.0,386.0
556.0,82696.0,69652.0,117872.0,212.0
1093.0,681140.0,454023.0,910469.0,833.0
587.0,142120.5,130350.0,223060.0,380.0
785.0,133684.5,130387.0,191540.0,244.0
1078.0,558611.0,317633.0,947562.0,879.0
975.0,265878.5,262058.0,380250.0,390.0
817.0,241398.0,222443.0,351310.0,430.0
817.0,241398.0,222443.0,351310.0,430.0
384.0,27186.0,26603.0,47616.0,124.0
838.0,262163.5,254468.0,390508.0,466.0
358.0,47486.5,45682.0,68378.0,191.0
549.0,135807.0,130383.5,195993.0,357.0
921.0,566180.5,244430.0,906264.0,984.0
966.0,236965.0,202312.0,403788.0,418.0
974.0,216877.0,192598.0,338952.0,348.0
331.0,39857.5,37160.5,54284.0,164.0
1135.0,795187.0,421926.0,1069170.0,942.0
483.0,69184.0,67113.5,99498.0,206.0
330.0,40481.0,33212.0,67650.0,205.0
703.0,137064.5,130350.0,213009.0,303.0
564.0,136153.0,130687.0,196272.0,348.0
896.0,268970.5,243368.0,417536.0,466.0
565.0,136226.5,109933.5,203400.0,360.0
564.0,135634.0,130695.0,200220.0,355.0
1030.0,231104.5,226193.5,344020.0,334.0
835.0,164280.0,103365.5,222945.0,267.0
605.0,160595.0,134537.0,238975.0,395.0
605.0,160595.0,134537.0,238975.0,395.0
1100.0,231090.0,226088.5,345400.0,314.0
867.0,170061.0,155515.0,275706.0,318.0
957.0,259805.0,242499.5,400026.0,418.0
553.0,136147.5,130295.0,194656.0,352.0
421.0,56153.0,55192.5,80411.0,191.0
577.0,68577.0,66252.0,94051.0,163.0
228.0,20966.0,19739.5,30324.0,133.0
559.0,81095.0,73118.0,128570.0,230.0
735.0,202906.0,186328.5,308700.0,420.0
698.0,133835.5,124954.5,201024.0,288.0
468.0,112568.0,98464.0,172224.0,368.0
692.0,141147.5,129356.0,236664.0,342.0
692.0,141147.5,129356.0,236664.0,342.0
619.0,132616.5,130407.0,185700.0,300.0
739.0,280601.5,130060.5,419752.0,568.0
957.0,534138.0,280311.0,807708.0,844.0
930.0,389254.5,226095.5,647280.0,696.0
601.0,133449.5,130577.5,185108.0,308.0
606.0,133430.0,130616.5,177558.0,293.0
852.0,254144.0,190168.0,386808.0,454.0
715.0,259019.0,140295.5,413270.0,578.0
642.0,123353.5,107900.0,183612.0,286.0
623.0,141777.5,130587.5,214312.0,344.0
329.0,34275.5,31743.0,49350.0,150.0
744.0,142667.0,130352.0,202368.0,272.0
1151.0,239337.5,232760.0,354508.0,308.0
629.0,125699.0,111530.5,194990.0,310.0
568.0,140589.5,130532.5,218680.0,385.0
574.0,137426.0,130586.5,196308.0,342.0
1115.0,631762.0,305614.5,935485.0,839.0
740.0,161274.0,93667.0,216080.0,292.0
714.0,418993.5,393079.5,604758.0,847.0
579.0,163528.0,157484.5,235653.0,407.0
572.0,141028.5,130435.5,201916.0,353.0
356.0,74564.0,70274.5,103240.0,290.0
584.0,150445.5,139783.0,200896.0,344.0
631.0,201657.5,194155.5,283319.0,449.0
848.0,379978.5,357211.0,563072.0,664.0
656.0,156338.5,129568.0,235504.0,359.0
510.0,69322.0,68114.5,84660.0,166.0
585.0,93555.5,85490.5,146250.0,250.0
598.0,133793.5,130475.0,185978.0,311.0
729.0,207828.5,190934.5,301806.0,414.0
794.0,432798.0,185931.5,746360.0,940.0
741.0,121808.5,113286.5,179322.0,242.0
863.0,223358.0,207495.5,344337.0,399.0
495.0,139641.5,130764.5,192555.0,389.0
441.0,150336.0,130509.5,207270.0,470.0
487.0,124850.5,110897.0,185547.0,381.0
704.0,133739.0,130681.5,192896.0,274.0
388.0,130480.5,61476.0,174600.0,450.0
388.0,130480.5,61476.0,174600.0,450.0
383.0,119160.0,57412.0,162392.0,424.0
915.0,207565.0,191248.5,316590.0,346.0
529.0,131632.0,122138.5,174570.0,330.0
629.0,105575.5,101060.0,159137.0,253.0
1087.0,315988.0,264057.0,560892.0,516.0
383.0,45891.0,44901.0,65493.0,171.0
896.0,320881.5,313570.0,473984.0,529.0
1215.0,390424.5,352452.0,575910.0,474.0
378.0,64897.0,63658.5,86184.0,228.0
239.0,21989.0,20758.5,30592.0,128.0
775.0,178315.5,164091.0,282875.0,365.0
970.0,230660.5,224250.5,338530.0,349.0
747.0,309078.5,197885.5,403380.0,540.0
864.0,250709.0,229935.0,400896.0,464.0
889.0,132863.0,130126.0,192913.0,217.0
741.0,165703.5,152671.5,250458.0,338.0
391.0,133214.0,130489.0,171649.0,439.0
1141.0,141584.5,130249.0,262430.0,230.0
286.0,41817.0,37241.5,63492.0,222.0
594.0,132240.5,130483.0,185328.0,312.0
927.0,133022.0,130326.5,183546.0,198.0
950.0,406479.5,231610.0,704900.0,742.0
674.0,240960.5,232588.5,332956.0,494.0
730.0,258378.0,130032.5,382520.0,524.0
719.0,133218.5,130476.5,194849.0,271.0
597.0,142139.5,135674.0,205965.0,345.0
554.0,76911.5,74016.5,104706.0,189.0
667.0,281634.5,258798.0,406203.0,609.0
768.0,136083.0,130590.0,220416.0,287.0
889.0,132545.0,130016.5,188468.0,212.0
642.0,119039.5,105824.5,172698.0,269.0
536.0,149854.0,130384.0,194568.0,363.0
970.0,229189.0,217828.5,354050.0,365.0
1257.0,145202.5,130092.5,201120.0,160.0
673.0,128463.0,124991.0,198535.0,295.0
573.0,113648.0,105347.5,160440.0,280.0
532.0,79012.0,77190.0,112784.0,212.0
749.0,147638.5,130325.0,230692.0,308.0
622.0,185704.5,129859.5,289852.0,466.0
485.0,78617.0,77114.0,106700.0,220.0
647.0,275908.5,257024.5,387553.0,599.0
702.0,194484.5,182089.0,299052.0,426.0
977.0,357173.0,337288.0,538327.0,551.0
286.0,32193.5,30451.0,47476.0,166.0
441.0,33350.0,32638.5,50274.0,114.0
1026.0,441650.5,253096.5,677160.0,660.0
642.0,147875.0,135048.5,216996.0,338.0
782.0,161101.5,130322.5,253368.0,324.0
931.0,225186.5,220888.0,323988.0,348.0
472.0,155358.5,130448.5,208624.0,442.0
436.0,31546.0,30760.5,47960.0,110.0
430.0,163109.0,115985.0,216290.0,503.0
695.0,140703.0,125530.0,210585.0,303.0
1044.0,285684.5,261764.5,424908.0,407.0
564.0,79320.5,75451.5,104340.0,185.0
373.0,84036.0,78428.5,117868.0,316.0
1119.0,368370.0,335035.0,547191.0,489.0
766.0,337369.0,220687.0,469558.0,613.0
715.0,280770.0,261159.5,405405.0,567.0
546.0,96703.5,93518.0,145236.0,266.0
548.0,89831.0,82955.0,130972.0,239.0
641.0,153014.0,145973.5,217940.0,340.0
1032.0,503755.5,278191.0,801864.0,777.0
649.0,96182.5,91637.0,124608.0,192.0
373.0,61098.5,51776.0,98845.0,265.0
866.0,422945.0,364079.0,650366.0,751.0
471.0,144111.5,130282.5,211008.0,448.0
720.0,168528.0,152671.5,252000.0,350.0
767.0,240216.5,185849.0,359723.0,469.0
657.0,277260.5,254580.0,409968.0,624.0
581.0,142378.5,130378.0,219618.0,378.0
588.0,181182.0,161182.5,266364.0,453.0
544.0,134497.0,130701.5,192576.0,354.0
558.0,135381.0,130391.0,196416.0,352.0
558.0,135381.0,130391.0,196416.0,352.0
579.0,216934.5,130154.0,383298.0,662.0
769.0,431735.0,252485.5,690562.0,898.0
572.0,86868.5,84204.0,114972.0,201.0
572.0,86868.5,84204.0,114972.0,201.0
717.0,355932.5,271437.5,530580.0,740.0
993.0,246395.0,239157.0,376347.0,379.0
589.0,164425.5,130392.5,240312.0,408.0
626.0,218612.0,205580.0,316130.0,505.0
714.0,257905.0,130013.5,403410.0,565.0
600.0,258327.0,129664.5,414000.0,690.0
595.0,142676.5,130287.0,224315.0,377.0
662.0,176126.5,146899.5,268110.0,405.0
563.0,138540.0,130468.5,187479.0,333.0
1067.0,151112.0,130113.0,282755.0,265.0
409.0,141674.0,130449.0,186913.0,457.0
534.0,146155.0,130301.5,236562.0,443.0
755.0,199752.5,183651.5,291430.0,386.0
638.0,135637.0,125934.0,208626.0,327.0
595.0,89239.5,78174.0,126140.0,212.0
278.0,26051.0,24630.5,38086.0,137.0
461.0,117136.5,109181.5,161811.0,351.0
402.0,139747.5,61499.0,184518.0,459.0
947.0,211098.5,205078.5,307775.0,325.0
726.0,249679.0,239373.5,351384.0,484.0
772.0,157800.0,130254.5,231600.0,300.0
828.0,291198.5,164199.5,524952.0,634.0
436.0,75237.5,59329.5,127748.0,293.0
543.0,119755.0,102404.0,184620.0,340.0
510.0,136299.0,130345.0,192780.0,378.0
1244.0,302211.0,257512.5,518748.0,417.0
736.0,170124.0,164288.0,268640.0,365.0
808.0,137177.0,134652.0,206848.0,256.0
574.0,140495.5,130406.5,215824.0,376.0
454.0,85616.5,65143.0,131660.0,290.0
325.0,50670.5,48542.5,68900.0,212.0
735.0,157003.5,137651.5,243285.0,331.0
437.0,106679.0,98752.5,152513.0,349.0
780.0,138320.5,130415.5,230100.0,295.0
847.0,178512.5,163858.0,254947.0,301.0
323.0,38754.5,36574.5,54264.0,168.0
582.0,132614.5,130706.5,183912.0,316.0
909.0,176146.5,143412.0,314514.0,346.0
951.0,134680.0,130166.0,202563.0,213.0
519.0,79360.0,77499.5,112104.0,216.0
388.0,56306.5,54466.5,78764.0,203.0
733.0,193131.0,190332.5,282938.0,386.0
439.0,162685.0,116949.0,224768.0,512.0
752.0,231186.5,218201.0,345920.0,460.0
752.0,231186.5,218201.0,345920.0,460.0
805.0,237411.5,219636.0,331660.0,412.0
466.0,74261.0,72561.0,101122.0,217.0
466.0,74261.0,72561.0,101122.0,217.0
1140.0,612660.0,360258.5,906300.0,795.0
1221.0,133970.0,129903.5,202686.0,166.0
648.0,141889.0,130545.5,209304.0,323.0
